Títol,Autor,Prestatge,Posicio,Habitacio,Tipus,Editorial,Idioma,Notes,
Lituma en los Andes,Mario Vargas Llosa,5,2,Despatx,Novel·la,Planeta,Castellà,,
Don Juan Tenorio,José Zorrilla,5,2,Despatx,Poesia,Vicens Vives,Castellà,,
La Sombra del Caudillo,Martín Luis Guzmán,5,2,Despatx,Novel·la,Porrúa,Castellà,,
Poesías Completas,Jorge Manrique,5,2,Despatx,Poesia,Austral,Castellà,,
El Matadero,Esteban Echeverría,5,2,Despatx,Novel·la,Cátedra,Castellà,,
La Cautiva,Esteban Echeverría,5,2,Despatx,Poesia,Cátedra,Castellà,,
Don Catrín de la Fachenda,José Joaquín Fernández de Lizardi,5,2,Despatx,Novel·la,Porrúa,Castellà,,
L'Assemblea de les Dones,Aristòfanes,5,2,Despatx,Teatre,Ediciones clásicas,Català,,
Els verbs Catalans conjugats,Joan Baptista Xuriguera,5,2,Despatx,Diccionari,Editorial Claret,Català,,
Martín Rivas,Alberto Blest Gana,5,2,Despatx,Novel·la,Cátedra,Castellà,,
Prosas profanas y otros poemas,Rubén Darío,5,2,Despatx,Poesia,Austral,Castellà,,
Ismaelillo,José Martí,5,2,Despatx,Poesia,Cátedra,Castellà,,
Versos Libres,José Martí,5,2,Despatx,Poesia,Cátedra,Castellà,,
Versos sencillos,José Martí,5,2,Despatx,Poesia,Cátedra,Castellà,,
Martín Fierro,José Hernández,5,2,Despatx,Poesia,Cátedra,Castellà,,
Cumandá,Juan León Mera,5,2,Despatx,Novel·la,Cátedra,Castellà,,
Los versos del Capitán,Pablo Neruda,5,2,Despatx,Poesia,Losada,Castellà,,
El Aleph,Jorge Luis Borges,5,2,Despatx,Novel·la,Cátedra,Castellà,,
El Astillero,Juan Carlos Onetti,5,2,Despatx,Novel·la,Cátedra,Castellà,,
Sobre héroes y tumbas,Ernesto Sábato,5,2,Despatx,Novel·la,Seix Barral,Castellà,,
Pedro Páramo,Juan Rulfo,5,2,Despatx,Novel·la,Cátedra,Castellà,,
El reino de este mundo,Alejo Carpentier,5,2,Despatx,Novel·la,Alianza Editorial,Castellà,,
Posía de Cancionero,Recopilació ,5,2,Despatx,Poesia,Cátedra,Castellà,,
Doña Bárbara,Rómulo Gallegos,5,2,Despatx,Novel·la,Cátedra,Castellà,,
Azul,Rubén Darío,5,2,Despatx,Novel·la,Cátedra,Castellà,,
Cantos de vida y esperanza,Rubén Darío,5,2,Despatx,Poesia,Cátedra,Castellà,,
Hijo del Hombre,Augusto Roa Bastos,5,2,Despatx,Novel·la,Losada,Castellà,,
Poemas en prosa,César Vallejo,5,2,Despatx,Novel·la,Cátedra,Castellà,,
Poemas humanos,César Vallejo,5,2,Despatx,Poesia,Cátedra,Castellà,,
"España, Aparta de mí este cáliz",César Vallejo,5,2,Despatx,Poesia,Cátedra,Castellà,,
El gran teatro del mundo,Calderón de la Barca,5,2,Despatx,Teatre,Cátedra,Castellà,,
El gran mercado del mundo,Calderón de la Barca,5,2,Despatx,Teatre,Cátedra,Castellà,,
El Caballero de Olmedo,Lope de Vega,5,2,Despatx,Teatre,Cátedra,Castellà,,
El médico de su honra,Calderón de la Barca,5,2,Despatx,Teatre,Clasicos Castalia,Castellà,,
Poesía crítica y satírica del siglo XV,Recopilació ,5,2,Despatx,Poesia,Clasicos Castalia,Castellà,,
Comedieta de Ponça,Marques de Santillana,5,2,Despatx,Poesia,Cátedra,Castellà,,
Sonetos,Marques de Santillana,5,2,Despatx,Poesia,Cátedra,Castellà,,
Poesía lírica,Marques de Santillana,5,2,Despatx,Poesia,Cátedra,Castellà,,
Cancionero,Fray Íñigo de Mendoza,5,2,Despatx,Poesia,Espasa Calpe,Castellà,,
El perro del hortelano,Lope de Vega,5,2,Despatx,Teatre,Clasicos Castalia,Castellà,,
El castigo sin venganza,Lope de Vega,5,2,Despatx,Teatre,Clasicos Castalia,Castellà,,
El vergonzoso en palacio,Tirso de Molina,5,2,Despatx,Teatre,Clasicos Castalia,Castellà,,
Romancero,Recopilació ,5,2,Despatx,Poesia,Crítica,Castellà,,
El laberinto de fortuna o Las trescientas,Juan de Mena,5,2,Despatx,Poesia,Espasa Calpe,Castellà,,
Cancionero y romancero español,Recopilació ,5,2,Despatx,Poesia,Salvat,Castellà,,
Antología poética de la generación del 27,Recopilació ,5,2,Despatx,Poesia,castalia didáctica,Castellà,,
Josafat,Prudenci Bertrana,5,2,Despatx,Novel·la,Edicions 62,Català,,
Joc brut,Manuel de Pedrolo,5,2,Despatx,Novel·la,Edicions 62,Català,,
Facundo,Domingo Faustino Sarmiento,5,2,Despatx,Novel·la,Catedra,Castellà,,
Ortografía de las claves (1905),Joaquin Montoy Escuder,5,2,Despatx,didàctic,Librería de los Sucesores de Blas Camí,Castellà,De Mariano Ferrer,
El alcalde de Zalamea,Calderón de la Barca,5,2,Despatx,Teatre,Edaf,Castellà,,
La vida es sueño,Calderón de la Barca,5,2,Despatx,teatre,Edaf,Castellà,,
Quiet,Marius Serra,4,1,Despatx,Novel·la,Empuries,Català,,
LLengua Catalana I,Júlia Butinyà Jiménez,4,1,Despatx,didàctic,Uned,Català,,
LLengua Catalana II,Júlia Butinyà Jiménez,4,1,Despatx,didàctic,Uned,Català,,
Llengua Catalana III,Júlia Butinyà Jiménez,4,1,Despatx,didàctic,Uned,Català,,
Literatura Catalana I Edad Media,Júlia Butinyà Jiménez,4,1,Despatx,didàctic,Uned,Castellà,,
Literatura Catalana II (Siglos XVI - XIX),Júlia Butinyà Jiménez,4,1,Despatx,didàctic,Uned,Castellà,,
Literatura Catalana III (Siglo XX),Júlia Butinyà Jiménez,4,1,Despatx,didàctic,Uned,Castellà,,
Manual de mètrica i versificació catalanes,Josep Bargalló,4,1,Despatx,didàctic,Empuries,Català,,
Diccionari Català-Castellà i Castellà-Català),Josep Munté i Vilà,4,1,Despatx,Diccionari,Blume,Català,Vocabulari bàsic ampliat,
Gramàtica Històrica Catalana,Antoni M. Badia i Margarit,4,1,Despatx,didàctic,Tres i Quatre,Català,,
Diccionari d'Autors del Català Modern,Júlia Butinyà Jiménez,4,1,Despatx,Diccionari,Uned,Català,,
Gramàtica de la Llengua Catalana,Antoni M. Badia i Margarit,4,1,Despatx,didàctic,Proa,Català,"Descriptiva, normativa,diatòpica, diastràsica",
Poesies,Ausiàs March,4,1,Despatx,Poesia,Barcino,Català,,
Literatura Española (1936 - 2000),Lucía Montejo Gurruchaga,4,1,Despatx,didàctic,Uned,Castellà,,
El último tercio del siglo (1968-1998),Recopilació ,4,1,Despatx,didàctic,Visor,Castellà,Antología consultada de la poesía española ,
Literatura española (1900-1939),vicente Granados Palomares,4,1,Despatx,didàctic,Ramón Areces,Castellà,Uned,
Historia de la literatura española parte primera,Juan Luis Alborg,4,1,Despatx,didàctic,Gredos,Castellà,Realismo y naturalismo. La novela.,
Historia de la literatura hispanoamericana,José Miguel Oviedo,4,1,Despatx,didàctic,Alianza Editorial,Castellà, º    ,
Historia de la literatura hispanoamericana,José Miguel Oviedo,4,1,Despatx,didàctic,Alianza Editorial,Castellà,2. Del Romanticismo al Modernismo.,
Nueva historia de la literatura hispanoamericana,Giuseppe Bellini,4,1,Despatx,didàctic,Castalia,Castellà,,
Reinos desaparecidos,Norman Davies,4,1,Despatx,divulgatiu,Galaxia Gutenberg,Castellà,,
Diccionari visual Duden,Enciclopedia Catalana,3,1,Despatx,Diccionari,Enciclopèdia,Català,,
Diccionari ortogràfic i de pronúncia,Enciclopedia Catalana,3,1,Despatx,Diccionari,Enciclopèdia,Català,,
Institució Oratòria VIII,M. Fabi Quintilià,3,1,Despatx,Retòrica,Fundació Bernat Metge,Català;Llatí ,,
Institució Oratòria IX,M. Fabi Quintilià,3,1,Despatx,Retòrica,Fundació Bernat Metge,Català;Llatí ,,
Institució Oratòria X,M. Fabi Quintilià,3,1,Despatx,Retòrica,Fundació Bernat Metge,Català;Llatí ,,
Tragèdia de Caldesa i altres proses,Joan Rois de Corella,3,1,Despatx,Novel·la,Edicions 62,Català,,
El Castell dels tres dragons,Frederic soler,3,1,Despatx,Teatre,Edicions 62,Català,,
La Dida,Frederic soler,3,1,Despatx,Teatre,Edicions 62,Català,,
Batalla de reines,Frederic soler,3,1,Despatx,Teatre,Edicions 62,Català,,
Les millors llegendes populars,Joan Amades,3,1,Despatx,Llegenda,La butxaca,Català,,
Glosari,Eugeni d'Ors,3,1,Despatx,Articles,Edicions 62,Català,,
L'hostal de la glòria,Josep Maria de Segarra,3,1,Despatx,Teatre,Edicions 62,Català,,
El cafè de la marina,Josep Maria de Segarra,3,1,Despatx,Teatre,Edicions 62,Català,,
La fortuna de Sílvia,Josep Maria de Segarra,3,1,Despatx,Teatre,Edicions 62,Català,,
Cancionero I,Francesco de Petrarca,3,1,Despatx,Poesia,Catedra,Italià;Castellà,,
La de Bringas,Benito Pérez Galdós,3,2,Despatx,Novel·la,Catedra,Castellà,,
El público,Federico García Lorca,3,2,Despatx,Teatre,Catedra,Castellà,,
Milagros de Nuestra Señora,Gonzalo de Berceo,3,2,Despatx,Poesia,Castalia didáctica,Castellà,,
Libro de Buen Amor,Arcipreste de Hita,3,2,Despatx,Poesia,Castalia didáctica,Castellà,,
Libro del Conde Lucanor,Don Juan Manuel,3,2,Despatx,Novel·la,Castalia didáctica,Castellà,,
Cantar del Mio Cid,Anònim,3,2,Despatx,Poesia,Castalia didáctica,Castellà,,
Poesía de la edad de oro I,Recopilació ,3,2,Despatx,Poesia,Castalia,Castellà,Renacimiento (edició José Manuel Blecua),
La vida del lazarillo de Tormes,Anònim,3,2,Despatx,Novel·la,Castalia,Castellà,,
Novelas ejemplares III,MIguel de Cervantes,3,2,Despatx,Novel·la,Castalia,Castellà,,
Novelas ejemplares I,MIguel de Cervantes,3,2,Despatx,Novel·la,Castalia,Castellà,,
El Ingenioso hidalgo don Quijote de la mancha II,MIguel de Cervantes,3,2,Despatx,Novel·la,Castalia,Castellà,,
El Ingenioso hidalgo don Quijote de la mancha I,MIguel de Cervantes,3,2,Despatx,Novel·la,Castalia,Castellà,,
Novelas ejemplares III,MIguel de Cervantes,3,2,Despatx,Novel·la,Castalia,Castellà,,
Sonetos Completos,Luis de Góngora,3,2,Despatx,Poesia,Castalia,Castellà,Edició de Birute Ciplijauskaité,
Posía de la edad de oro II,Recopilació ,3,2,Despatx,Poesia,Castalia,Castellà,Barroco (edició José Manuel Blecua),
Letrillas,Luis de Góngora,3,2,Despatx,Poesia,Castalia,Castellà,Edició de Robert Jammes),
Sueños y discursos,Francisco de Quevedo y Villegas,3,2,Despatx,Novel·la,Castalia,Castellà,Edició de James O. Crosby,
Áyax,Sófocles,3,2,Despatx,Teatre,Gredos,Castellà,,
Las Traquinias,Sófocles,3,2,Despatx,Teatre,Gredos,Castellà,,
Antígona,Sófocles,3,2,Despatx,Teatre,Gredos,Castellà,,
Edipo Rey,Sófocles,3,2,Despatx,Teatre,Gredos,Castellà,,
Electra,Sófocles,3,2,Despatx,Teatre,Gredos,Castellà,,
Filoctetes,Sófocles,3,2,Despatx,Teatre,Gredos,Castellà,,
Edipo en colono,Sófocles,3,2,Despatx,Teatre,Gredos,Castellà,,
Fedón,Plató,3,2,Despatx,Diàlegs,Gredos,Castellà,,
El Banquete,Plató,3,2,Despatx,Diàlegs,Gredos,Castellà,,
Fedro,Plató,3,2,Despatx,Diàlegs,Gredos,Castellà,,
La camisa,Lauro Olmo,3,2,Despatx,Novel·la,Catedra,Castellà,,
El cuarto poder,Lauro Olmo,3,2,Despatx,Novel·la,Catedra,Castellà,,
Seis personajes en busca de autor,Luigi Pirandello,3,2,Despatx,Teatre,Edaf,Castellà,,
Epigramas,Marcial,3,2,Despatx,Epigràmes,Alianza Editorial,Castellà,,
Breviario de campaña electoral,Quinto Tulio Ciceron,3,2,Despatx,didàctic,Quaderns Crema,Castellà,,
F. García Lorca. El poeta ante la muerte,Enrique López Castellón,3,2,Despatx,didàctic,Felmar,Castellà,,
El Cid Campeador,Anònim,3,2,Despatx,Poesia,Castalia,Castellà,,
Els fruits Saborosos,Josep Carner,3,2,Despatx,Poesia,Edicions 62,Català,,
Cárcel de Amor,Diego de san pedro,3,2,Despatx,Novel·la,Crítica,Castellà,,
Libro del buen amor,Arcipreste de Hita,3,2,Despatx,Poesia,Castalia,Castellà,Llibre repetit (odres nuevos),
El conde lucanor,Don Juan Manuel,3,2,Despatx,Poesia,Castalia,Castellà,Llibre repetit (odres nuevos),
Ancia,Blas de Otero,3,2,Despatx,Poesia,Visor,Castellà,,
Diccionariu básicu de la Llingua Asturiana,Pablo Manzano-Urbano Rodríguez,3,2,Despatx,Diccionari,Trea,Castellà;Asturià,,
Cancionero II,Francesco de Petrarca,3,2,Despatx,Poesia,Catedra,Italià;Castellà,,
La divina comedia,Dante Aliguieri,3,2,Despatx,Novel·la,Austral,Castellà,,
La invención Retórica,Ciceró,2,2,Despatx,Retòrica,Gredos,Castellà,,
Sobre el orador,Ciceró,2,2,Despatx,Retòrica,Gredos,Castellà,,
Retórica,Aristóteles,2,2,Despatx,Retòrica,Gredos,Castellà,,
De la Partición Oratoria,Ciceró,2,2,Despatx,Retòrica,Universidad autónoma de Mexico,Castellà,,
Institució Oratòria I,Ciceró,2,2,Despatx,Retòrica,Fundació Bernat Metge,Català;Llatí,,
Institució Oratòria II,Ciceró,2,2,Despatx,Retòrica,Fundació Bernat Metge,Català;Llatí,,
Institució Oratòria III,Ciceró,2,2,Despatx,Retòrica,Fundació Bernat Metge,Català;Llatí,,
Institució Oratòria IV,Ciceró,2,2,Despatx,Retòrica,Fundació Bernat Metge,Català;Llatí,,
Institució Oratòria V,Ciceró,2,2,Despatx,Retòrica,Fundació Bernat Metge,Català;Llatí,,
Institució Oratòria VI,Ciceró,2,2,Despatx,Retòrica,Fundació Bernat Metge,Català;Llatí,,
Institució Oratòria VII,Ciceró,2,2,Despatx,Retòrica,Fundació Bernat Metge,Català;Llatí,,
Retòrica Nova,Ramon Llull,2,2,Despatx,Retòrica,Obrador Edendum,Català,,
Retòrica a Herenni,Desconegut o dubtós,2,2,Despatx,Retòrica,Fundació Bernat Metge,Català,,
Retórica a Herenio,Desconegut o dubtós,2,2,Despatx,Retòrica,Gredos,Castellà,,
Sofistas testimonios y fragmentos,Recopilació ,2,2,Despatx,didàctic,Gredos,Castellà,,
Dos tratados de Retórica Epidictica,Menandro el rétor,2,2,Despatx,didàctic,Gredos,Castellà,,
Discursos Políticos III,Demóstenes,2,2,Despatx,didàctic,Gredos,Castellà,,
Bruto,Ciceró,2,2,Despatx,Retòrica,Alianza Editorial,Castellà,,
Odissea I,Homer,2,2,Despatx,Èpica,Fundació Bernat Metge,Català;Grec,,
Odissea II,Homer,2,2,Despatx,Èpica,Fundació Bernat Metge,Català;Grec,,
Odissea III,Homer,2,2,Despatx,Èpica,Fundació Bernat Metge,Català;Grec,,
Odissea IV,Homer,2,2,Despatx,Èpica,Fundació Bernat Metge,Català;Grec,,
Llibre de les Meravelles,Ramon Llull,2,2,Despatx,Novel·la,Edicions 62,Català,,
Llibre d'Evast e Blanquerna,Ramon Llull,2,2,Despatx,Novel·la,Edicions 62,Català,,
El microcosmos Lul·lià,Robert Spring-Mill,2,2,Despatx,didàctic,Moll,Català,,
Llibre de Contemplació,Ramón Llull,2,2,Despatx,Religiós,Barcino,Català,Antologia a càrrec de Josep Rubio Albarrracín,
Lo Desconhort,Ramón Llull,2,2,Despatx,Poesia,Obrador Edendum,Català,,
Cant de Ramon,Ramón Llull,2,2,Despatx,Poesia,Obrador Edendum,Català,,
Poesies,Ramon Llull,2,2,Despatx,Poesia,Enciclopèdia CatalanaCatalà,Català,Recopilació a cura de Josep Romeu i Figueras,
Llibre del gentil e dels tres savis,Ramon Llull,2,2,Despatx,Novel·la,Patronat Ramon LLull (Palma de Mallorca),Català,,
Arte breve,Ramon Llull,2,2,Despatx,didàctic,Eunsa (Universidad de Navarra),Castellà,Traducció de Josep E. Rubio,
Ramon Llull essencial,Pere Villalba,2,2,Despatx,didàctic,La Vanguardia Ediciones,Català,,
Llibre d'Amic i Amat,Ramón Llull,2,2,Despatx,Poesia,Barcino,Català,Edidció crítica d'Albert Soler i Llopart,
Ilíada I,Homer,1,1,Despatx,Èpica,Fundació Bernat Metge,Català;Grec,Cants I - IV,
Ilíada II,Homer,1,1,Despatx,Èpica,Fundació Bernat Metge,Català;Grec,Cants V - VIII,
Ilíada III,Homer,1,1,Despatx,Èpica,Fundació Bernat Metge,Català;Grec,Cants IX - XII,
Comèdies,P. Terenci Afer,1,1,Despatx,Teatre,Fundació Bernat Metge,Català;Llatí,Àndria. El botxí de si mateix.,
Les dones de Traquis,Sòfocles,1,1,Despatx,Teatre,Fundació Bernat Metge,Català;Grec,,
Antígona,Sòfocles,1,1,Despatx,Teatre,Fundació Bernat Metge,Català;Grec,,
Discursos,Isòcrates,1,1,Despatx,Retòrica,Fundació Bernat Metge,Català;Grec,Volum II,
Tragèdies ,Sòfocles,1,1,Despatx,Teatre,Fundació Bernat Metge,Català;Grec,Volum IV,
Àiax,Sòfocles,1,1,Despatx,Teatre,Fundació Bernat Metge,Català;Grec,Traducció de Carles Riba,
Edip Rei,Sòfocles,1,1,Despatx,Teatre,Fundació Bernat Metge,Català;Grec,Traducció de Carles Riba,
Alcestis,Eurípides,1,1,Despatx,Teatre,Fundació Bernat Metge,Català;Grec,,
Els set contra Tebes,Èsquil,1,1,Despatx,Teatre,Fundació Bernat Metge,Català;Grec,Traducció de Carles Riba,
Prometeu encadenat,Èsquil,1,1,Despatx,Teatre,Fundació Bernat Metge,Català;Grec,Traducció de Carles Riba,
Timeu,Plató,1,1,Despatx,Diàlegs,Fundació Bernat Metge,Català;Grec,,
Crítias,Plató,1,1,Despatx,Diàlegs,Fundació Bernat Metge,Català;Grec,,
L'Ase d'Or (Les metamorfosis) I,Apuleu,1,1,Despatx,Novel·la,Fundació Bernat Metge,Català;Llatí,,
L'Ase d'Or (Les metamorfosis) II,Apuleu,1,1,Despatx,Novel·la,Fundació Bernat Metge,Català;Llatí,,
Eneida I,Virgili,1,1,Despatx,Èpica,Fundació Bernat Metge,Català;Llatí,,
Eneida II,Virgili,1,1,Despatx,Èpica,Fundació Bernat Metge,Català;Llatí,,
Eneida III,Virgili,1,1,Despatx,Èpica,Fundació Bernat Metge,Català;Llatí,,
Eneida IV ,Virgili,1,1,Despatx,Èpica,Fundació Bernat Metge,Català;Llatí,,
Les Vespes,Aristòfanes,1,1,Despatx,Teatre,Fundació Bernat Metge,Català;Grec,Comèdia,
La Pau,Aristòfanes,1,1,Despatx,Teatre,Fundació Bernat Metge,Català;Grec,Comèdia,
Les Metamorfosis I,Ovidi,1,1,Despatx,Poesia,Fundació Bernat Metge,Català;Llatí,Falsa èpica;Llibres I - V,
Les Metamorfosis II,Ovidi,1,1,Despatx,Poesia,Fundació Bernat Metge,Català;Llatí,Falsa èpica;Llibres VI - X,
Les Metamorfosis III,Ovidi,1,1,Despatx,Poesia,Fundació Bernat Metge,Català;Llatí,Falsa èpica;Llibres IX - XV,
Els ocells,Aristòfanes,1,1,Despatx,Teatre,Fundació Bernat Metge,Català;Grec,Comèdia,
Lisístrata,Aristòfanes,1,1,Despatx,Teatre,Fundació Bernat Metge,Català;Grec,Comèdia,
Idil·lis I,Teòcrit,1,1,Despatx,Poesia,Fundació Bernat Metge,Català;Grec,,
L'Orestea,Èsquil,1,1,Despatx,Teatre,Fundació Bernat Metge,Català;Grec,Agamèmnon. Les Coèfores. Les Eumènides. Traducció de Carles Riba.,
Lletres a Lucili I,Sèneca,1,1,Despatx,Epistola,Fundació Bernat Metge,Català;Llatí,Llibres I - V,
Sobre la corona,Demòstenes,1,1,Despatx,Retòrica,Fundació Bernat Metge,Català;Grec,Discurs polític,
Amfitrió,Plaute,1,1,Despatx,Teatre,Fundació Bernat Metge,Català;Llatí,,
La comèdia dels ases,Plaute,1,1,Despatx,Teatre,Fundació Bernat Metge,Català;Llatí,,
Olímpiques,Píndar,1,1,Despatx,Poesia,Fundació Bernat Metge,Català;Grec,,
Guerra de les Gàl·lies I,Cesar,1,2,Despatx,Història,Fundació Bernat Metge,Català;Llatí,,
Mètode,Arquímedes,1,2,Despatx,Didàctic,Fundació Bernat Metge,Català;Grec,Mètode d'Arquímedes sobre teoremes mecànics dedicatt a Eratóstenes. Traducció Joan Vaqué Jordi catedràtic de grec,
De la natura I,Lucreci,1,2,Despatx,Didàctic;Assaig,Fundació Bernat Metge,Català;Llatí,,
Defensa de sòcrates,Plató,1,2,Despatx,Diàlegs,Fundació Bernat Metge,Català;Grec,,
Critó,Plató,1,2,Despatx,Diàlegs,Fundació Bernat Metge,Català;Grec,,
Eutífron,Plató,1,2,Despatx,Diàlegs,Fundació Bernat Metge,Català;Grec,,
Laques,Plató,1,2,Despatx,Diàlegs,Fundació Bernat Metge,Català;Grec,,
Història de Roma I,Titus Livi,1,2,Despatx,Història,Fundació Bernat Metge,Català;Llatí,,
Obres menors de Tàcit,Tàcit,1,2,Despatx,Diàlegs;Història,Fundació Bernat Metge,Català;Llatí,"Diàlegs dels oradors, Agrícola, Germània",
Tiberi,Suetoni,1,2,Despatx,Història,Fundació Bernat Metge,Català;Llatí,,
Calígula,Suetoni,1,2,Despatx,Història,Fundació Bernat Metge,Català;Llatí,,
La guerra de Jugurta,Sal·lusti,1,2,Despatx,Història,Fundació Bernat Metge,Català;Llatí,,
El convit,Plató,1,2,Despatx,Diàlegs,Fundació Bernat Metge,Català;Grec,,
Fedón,Plató,1,2,Despatx,Diàlegs,Fundació Bernat Metge,Català;Grec,,
Elegíes,Properci,1,2,Despatx,Poesia,Fundació Bernat Metge,Català;Llatí,,
Poesies,Catul,1,2,Despatx,Poesia,Fundació Bernat Metge,Català;Llatí,,
De la brevetat de la vida,Sèneca,1,2,Despatx,Assaig,Fundació Bernat Metge,Català;Llatí,,
De la vida benaurada,Sèneca,1,2,Despatx,Assaig,Fundació Bernat Metge,Català;Llatí,,
De la providència,Sèneca,1,2,Despatx,Assaig,Fundació Bernat Metge,Català;Llatí,,
Catilinaries,Ciceró,1,2,Despatx,Retòrica,Fundació Bernat Metge,Català;Llatí,,
Poètic,Aristòtil,1,2,Despatx,Assaig,Fundació Bernat Metge,Català;Grec,,
Constitució d'Atenes,Aristòtil,1,2,Despatx,Assaig,Fundació Bernat Metge,Català;Grec,,
Història I,Heròdot,1,2,Despatx,Història,Fundació Bernat Metge,Català;Grec,,
Història II,Heròdot,1,2,Despatx,Història,Fundació Bernat Metge,Català;Grec,,
Faules I,Isop,1,2,Despatx,Didàctic,Fundació Bernat Metge,Català;Grec,,
Faules II,Isop,1,2,Despatx,Didàctic,Fundació Bernat Metge,Català;Grec,,
Odes i Epodes I,Horaci,1,2,Despatx,Poesia,Fundació Bernat Metge,Català;Llatí,,
Odes i Epodes II,Horaci,1,2,Despatx,Poesia,Fundació Bernat Metge,Català;Llatí,,
Bucòliques,Virgili,1,2,Despatx,Poesia,Fundació Bernat Metge,Català;Llatí,,
Dafnis i Cloe,Longus,1,2,Despatx,Novel·la,Fundació Bernat Metge,Català;Grec,,
Alexandre i Cèsar (Vides paral·leles),Plutarc,1,2,Despatx,Novel·la,Fundació Bernat Metge,Català;Llatí,,
De la Natura II,Lucreci,1,2,Despatx,Didàctic;Assaig,Fundació Bernat Metge,Català;Llatí,,
Aurea Dicta,Desconegut o dubtós,1,2,Despatx,Didàctic,Fundació Bernat Metge,Català;Llatí,Paraules de l'antiga saviesa,
Història de la guerra del Peloponès I,Tucídides,1,2,Despatx,Història,Fundació Bernat Metge,Català;Grec,,
Història de la guerra del Peloponès II,Tucídides,1,2,Despatx,Història,Fundació Bernat Metge,Català;Grec,,
El meu país ,Josep Pla,15,1,Menjador,Novel·la,Destino,Català,Obra completa volum VII Reflexions sobre l'Empordà. La substància. El meu poble.,
Tres biografies,Josep Pla,15,1,Menjador,Biografia,Destino,Català,Obra completa volum X. Joan Maragall. Un Assaig vida i miracles de Josep Pijoan. Francesc Pujols. Notes.,
Homenots primera serie.,Josep Pla,15,1,Menjador,Biografia,Destino,Català,"Obra completa XI. Prat de la Riba,Pompeu Fabra, Joaquim Ruyra, Ramon Turró, Antoni Gaudí, Isidre Nonell, Eugei d'Ors, Jaume Bofill i Mates, Carles Riba, Francesc d'A Gali, Joan Crexells, Joan Esterich, Sadurní Ximénez, Miró Folguera, Joaquim Pena.",
Homenots segona serie,Josep Pla,15,2,Menjador,Biografia,Destino,Català,Obra completa 16,
Homenots tercera serie,Josep Pla,15,2,Menjador,Biografia,Destino,Català,Obra completa 21,
Les escales de llevant,Josep Pla,15,2,Menjador,Novel·la,Destino,Català,Obra completa 13,
Notes disperses,Josep Pla,15,2,Menjador,Novel·la,Destino,Català,Obra completa 12,
Els pagesos,Josep Pla,15,2,Menjador,Novel·la,Destino,Català,Obra completa 8,
El nord,Josep Pla,15,2,Menjador,Novel·la,Destino,Català,Obra completa 5,
La vida amarga,Josep Pla,15,2,Menjador,Novel·la,Destino,Català,Obra completa 6,
Viatge a la Catalunya vella,Josep Pla,15,2,Menjador,Novel·la,Destino,Català,Obra completa 9,
Per passar l'estona,Josep Pla,15,2,Menjador,Novel·la,Destino,Català,Obra completa 36,
Llibertat! 50 poemes de revolta,Recopilació ,15,2,Menjador,poesia,Ara edicions,Català,,
Hombres de maíz,Miguel Ángel Asturias,15,2,Menjador,Novel·la,Biblioteca el mundo,Castellà,,
Las civilizaciones prehistóricas,Jean Marc Brissaud,15,2,Menjador,Didàctic,Club international del libro,Castellà,,
La civilización Azteca,Jean Marcilly,15,2,Menjador,Didàctic,Club international del libro,Castellà,,
Los Incas,Jean-Claude Valla,15,2,Menjador,Didàctic,Club international del libro,Castellà,,
Societat limitada,Ferran Torrent,15,2,Menjador,Novel·la,Columna,Català,,
Mirall Trencat,Mercè Rodoreda,15,2,Menjador,Novel·la,Club Editor,Català,,
Jo confesso,Jaume Cabré,15,2,Menjador,Novel·la,Proa,Català,,
Naruto 26,Masashi Kishimoto,15,2,Menjador,Còmic,Glenat,Castellà,,
Naruto 29,Masashi Kishimoto,15,2,Menjador,Còmic,Glenat,Castellà,,
Duel Masters,Indeterminat,15,2,Menjador,Còmic,indeterminat,Japonès,,
Dragon Ball,Indeterminat,15,2,Menjador,Còmic,indeterminat,Japonès,,
Detective Conan,Indeterminat,15,2,Menjador,Còmic,indeterminat,Japonès,,
Pokemon,Indeterminat,15,2,Menjador,Còmic,indeterminat,Japonès,,
El Jugador,Fedor Dostoyevski,16,2,Menjador,Novel·la,Sarpe,Castellà,,
Oliver Twist,Charles Dickens,16,2,Menjador,Novel·la,Sarpe,Castellà,,
La nova Cançó,Indeterminat,16,2,Menjador,Didàctic,Avui,Català,Amb CDs,
El Rock Català,Indeterminat,16,2,Menjador,Didàctic,Avui,Català,Amb CDs,
The Murders in the Rue Morgue,Edgar allan Poe,16,2,Menjador,Contes,Lavanguardia,Castellà,Bilingüe Anglès,
The Signalman,Charles Dickens,16,2,Menjador,Contes,Lavanguardia,Castellà,Bilingüe Anglès,
The trial for murder,Charles Dickens,16,2,Menjador,Contes,Lavanguardia,Castellà,Bilingüe Anglès,
The Isle of Voices,Robert Louis Stevensson,16,2,Menjador,Contes,Lavanguardia,Castellà,Bilingüe Anglès,
The plague Cellar,Robert Louis Stevensson,16,2,Menjador,Contes,Lavanguardia,Castellà,Bilingüe Anglès,
The Upper Berth,Francis Marion Crawford,16,2,Menjador,Contes,Lavanguardia,Castellà,Bilingüe Anglès,
By the Waters of Paradise,Francis Marion Crawford,16,2,Menjador,Contes,Lavanguardia,Castellà,Bilingüe Anglès,
The wit of Porportuk,Jack London,16,2,Menjador,Contes,Lavanguardia,Castellà,Bilingüe Anglès,
To Build a Fire,Jack London,16,2,Menjador,Contes,Lavanguardia,Castellà,Bilingüe Anglès,
The L 1.000.000 Bank Note,Mark Twain,16,2,Menjador,Contes,Lavanguardia,Castellà,Bilingüe Anglès,
A Dying Man's Confession,Mark Twain,16,2,Menjador,Contes,Lavanguardia,Castellà,Bilingüe Anglès,
The Canterville Gosht,Oscar Wilde,16,2,Menjador,Contes,Lavanguardia,Castellà,Bilingüe Anglès,
La petita Joia,Patrick Modiano,16,2,Menjador,Novel·la,Columna,Català,,
Como estudiar con eficacia,Chris Parsons,16,2,Menjador,Didàctic,Cincel,Castellà,,
Kanken 2,Indeterminat,16,2,Menjador,Didàctic,Japonesa,Japonès,Per examen de kanji,
Kanken 4,Indeterminat,16,2,Menjador,Didàctic,Japonesa,Japonès,Per examen de kanji,
Kanken 5,Indeterminat,16,2,Menjador,Didàctic,Japonesa,Japonès,Per examen de kanji,
Eiken 3,Indeterminat,16,2,Menjador,Didàctic,Japonesa,Japonès,Per estudi d'anglès,
Eiken 4,Indeterminat,16,2,Menjador,Didàctic,Japonesa,Japonès,Per estudi d'anglès,
Cuentos orientales,Marguerite Yourcenar,17,2,Menjador,Contes,Punto de lectura,Castellà,,
L'home que mirava passar els trens ,Simenon,17,2,Menjador,Novel·la,Edicions 62,Català,,
La guia prenatal,Irrellevants,17,2,Menjador,Didàctic,Arcadia Edizioni,Castellà,,
Deixa'm estar!,Míriam Argilés;Eulàlia Paredes;Dolors Ribera,17,2,Menjador,Didàctic,Malhivern,Català,Estratègies i propostes per a educar adolescents,
El arte de la guerra,Sun Tzu,17,2,Menjador,Didàctic,desconegut,Castellà,,
Guia pràctica per a fer fills lectors,Joan carles Girbés,17,2,Menjador,Didàctic,Bromera,Català,,
Estimada Matilda,Susanna Tamaro,17,2,Menjador,Novel·la,Empúries,Català,,
The Law ok Oeki PLUS volum 1,Tsubasa Fukuchi,17,2,Menjador,Còmic,indeterminat,Japonès,,
Detective Conan ,Indeterminat,17,2,Menjador,Còmic,indeterminat,Japonés,Special version 20,
Indeterminat,Mahou Sukai,17,2,Menjador,Còmic,indeterminat,Japonès,,
Doraemon,Indeterminat,17,2,Menjador,Còmic,Tentoumusi Books,Japonès,,
ranma,Indeterminat,17,2,Menjador,Còmic,Shonen Sunday Comics,Japonès,,
Doraemon,Indeterminat,17,2,Menjador,Còmic,indeteminat,Japonès,,
Enciclopedia d'en Mariano - Pal=las,Indeterminat,25,2,Menjador,Diccionari,Horta,Castellà,"5 idiomes Castellà, Francès, Anglès, Alemany i Italià",
Enciclopedia d'en Mariano - Historia del Arte,J.F. Ràfols,25,2,Menjador,Didàctic,Ramon Sopena,Castellà,,
Enciclopedia d'en Mariano - Historia de la Civilización,Edgar Sanderson,25,2,Menjador,Didàctic,Ramon Sopena,Castellà,Adaptació A. Herrero Miguel,
Enciclopedia d'en Mariano - Física General Aplicada,Francisco F. Sintes Olives,25,2,Menjador,Didàctic,Ramon Sopena,Castellà,,
Enciclopedia d'en Mariano - Historia Natural,Celso Arévalo,25,2,Menjador,Didàctic,Ramon Sopena,Castellà,,
Enciclopedia d'en Mariano - Química General Aplicada,Luis Postigo,25,2,Menjador,Didàctic,Ramon Sopena,Castellà,,
Enciclopedia d'en Mariano - Las Mil y Una Noches,A. Galland,25,2,Menjador,Contes,Ramon Sopena,Castellà,,
Història de Catalunya I - Prehistòria i edat antiga. Fins al segle III,Joan Maluquer de Motes,24,2,Menjador,Història,Edicions 62,Català,Dirigida per Pierre Vilar,
Història de Catalunya II - El Procés de feudalització. Segles III - XII,Josep Mª Salrach,24,2,Menjador,Història,Edicions 62,Català,Dirigida per Pierre Vilar,
Història de Catalunya III - L'expansió baixmedieval. Segles XIII - XV,Carme Batlle,24,2,Menjador,Història,Edicions 62,Català,Dirigida per Pierre Vilar,
Història de Catalunya IV - Els segles de la decadència. Segles XVI - XVIII,Núria sales,24,2,Menjador,Història,Edicions 62,Català,Dirigida per Pierre Vilar,
Història de Catalunya V - La fi de l'antic règim i la industrialització. 1787 - 1868,Josep Fontana,24,2,Menjador,Història,Edicions 62,Català,Dirigida per Pierre Vilar,
Història de Catalunya VI - De la revolució de setembre a la fi de la guerra civil. 1868 - 1939,Josep Termes,24,2,Menjador,Història,Edicions 62,Català,Dirigida per Pierre Vilar,
Història de Catalunya VII - El franquisme i la trancisió democàtica. 1939 - 1988,,24,2,Menjador,Història,Edicions 62,Català,Dirigida per Pierre Vilar,
"Història de Catalunya VIII - Antologia d'estudis històrics precedits de Catalunya, Avui de Pierre Vilar.Índex onomàstic.",,24,2,Menjador,Història,Edicions 62,Català,Dirigida per Pierre Vilar,
Narcís Oller Obres Completes I,Narcís Oller,23,2,Menjador,Novel·la,Selecta,Català,,
Narcís Oller Obres Completes II,Narcís Oller,23,2,Menjador,Novel·la,Selecta,Català,,
Intelingencia Emocional,Daniel Goleman,23,2,Menjador,assaig,Kairos,Castellà,,
Jo soc aquell que va matar Franco,Joan - Lluis Lluis,23,2,Menjador,Novel·la,Proa,Català,,
Per comprendre Catalunya Nord,Llorenç Planes,23,2,Menjador,assaig,Pagès editors,Català,,
Tamiko,Ronald Kirkbride,23,2,Menjador,Novel·la,Círculo de lectores,Castellà,,
Contes inacabats de Númenor i la terra mitjana,J.R.R.Tolkien,23,2,Menjador,Novel·la,Edhasa,Català,,
Parc Juràsic ,Michael Crichton,23,2,Menjador,Novel·la,Proa,Català,,
La persecució lingüística de la llengua catalana,Francesc Ferrer i Gironès,23,2,Menjador,Història,Edicions 62,Català,,
El mediterrani Ciutat,Xavier Febrés,23,2,Menjador,Assaig,Edicions 62,Català,,
M'explico,Carles Puigdemont,23,2,Menjador,Història,La campana,Català,,
La lluita a l'exili,Carles Puigdemont,23,2,Menjador,Història,La campana,Català,,
Crónica de una muerte anunciada,Gabriel García Marquez,23,2,Menjador,Novel·la,RBA,Castellà,,
Construcciones locativas y cuantitativas,Antonio J. Meilán García,7,1,Despatx,Didàctic,Arco,Castellà,Cuadernos de Lengua española,
Las construcciones consecutivas,Alfredo I. Álvarez,7,1,Despatx,Didàctic,Arco,Castellà,Cuadernos de Lengua española,
Los sintagmas del Español. I: el sintagma nominal.,María Jesús Fernández Leborans,7,1,Despatx,Didàctic,Arco,Castellà,Cuadernos de Lengua española,
Los sintagmas del Español. I: el sintagma nominal.,María Jesús Fernández Leborans,7,1,Despatx,Didàctic,Arco,Castellà,Cuadernos de Lengua española. Repetit,
Oraciones de relativo,José-Álvaro Porto Dapena,7,1,Despatx,Didàctic,Arco,Castellà,Cuadernos de Lengua española,
Las expresiones causales y finales,Serafina García,7,1,Despatx,Didàctic,Arco,Castellà,Cuadernos de Lengua española,
Contrucciones temporales,Hortensia Martínez García,7,1,Despatx,Didàctic,Arco,Castellà,Cuadernos de Lengua española,
La sintaxis de los relacionantes supraoracionales,Catalina Fuentes Rodríguez,7,1,Despatx,Didàctic,Arco,Castellà,Cuadernos de Lengua española,
El Español de América I,María Vaquero Ramírez,7,1,Despatx,Didàctic,Arco,Castellà,Cuadernos de Lengua española,
El Español de América II,María Vaquero Ramírez,7,1,Despatx,Didàctic,Arco,Castellà,Cuadernos de Lengua española,
Lenguas y dialectos de España,Pilar García Mouton,7,1,Despatx,Didàctic,Arco,Castellà,Cuadernos de Lengua española,
Soledades. galerías. Otros poemas,Antonio Machado,7,1,Despatx,poesia,Cátedra,Castellà,,
Don Álvaro o la fuerza del sino,Duque de Rivas,7,1,Despatx,Teatre,Cátedra,Castellà,Teatre en vers,
Màrius Torres vist per Joan Sales,Indeterminat,7,1,Despatx,Assaig,Avui,Català,Selecció de poemes i introducció per Núria Folch de Sales,
La Mortaja,Miguel Delibes,7,1,Despatx,Novel·la,Cátedra,Castellà,,
Diario de un poeta recien casado,Juan Ramon Jiménez,7,1,Despatx,poesia,Cátedra,Castellà,,
El sí de las niñas,Leandro Fernández de Moratín,7,1,Despatx,Novel·la,Cátedra,Castellà,,
Los Pazos de Ulloa,Emilia Pardo Bazán,7,1,Despatx,Novel·la,Cátedra,Castellà,,
Artículos,Mariano José de Larra,7,1,Despatx,Assaig,Cátedra,Castellà,,
Pepita Jiménez,Juan Valera,7,1,Despatx,Novel·la,Cátedra,Castellà,,
Entremeses y novelas escogidas,Miguel de Cervantes,7,1,Despatx,teatre,Club international del libro,Castellà,Novel·les: El celoso extremeño y Rinconete y Cortadillo,
Rimas,Gustavo Adolfo Bécquer,7,1,Despatx,poesia,Cátedra,Castellà,,
Rimas y leyendas ,Gustavo Adolfo Bécquer,7,1,Despatx,poesia;novel·la,Edaf,Castellà,,
El burlador de Sevilla o el convidado de piedra,Tirso de Molina (atribuida),7,1,Despatx,Teatre,Cátedra,Castellà,Teatre en vers,
Del amor y otros demonios,Gabriel García Marquez,7,1,Despatx,Novel·la,De bolsillo contemporanea,Castellà,,
Gramática de la lengua española,Emilio Alarcos Llorach,7,1,Despatx,Didàctic,Espasa Calpe,Castellà,,
El rey Lear,William Shakespeare,8,1,Despatx,Teatre,Alianza Editorial,Castellà,,
Los trabajos de Persiles y Segismunda,Miguel de Cervantes,8,1,Despatx,Novel·la,Cátedra,Castellà,,
L'expedició dels catalans a orient,Ramon Muntaner,8,1,Despatx,Història,Els nostres clàssics,Català,"Text, introducció, notes i glosari per Lluis Nicolau d'Olwer",
Introducción a Góngora,Emilio Orozco,8,2,Despatx,Didàctic,Crítica,Castellà,,
La Semántica,Pierre Guiraud,8,2,Despatx,Didàctic,Fondo de Cultura económica,Castellà,,
Poesía Española Ensayo de métodos y límites estilísticos,Dámaso Alonso,8,2,Despatx,Didàctic,Gredos,Castellà,,
Historia de la literatura española,Santos Sanz Villanueva,8,2,Despatx,Didàctic,Ariel,Castellà,,
Manual de lingüística románica,Iorgu Iordan i Maria Manoliu,8,2,Despatx,Didàctic,Gredos,Castellà,,
Manual de lingüística románica,Iorgu Iordan i Maria Manoliu,8,2,Despatx,Didàctic,Gredos,Castellà,,
Fonética histórica y fonología diacrónica,Antonio Quilis Morales,8,2,Despatx,Didàctic,Uned,Castellà,,
Literatura española del siglo de oro (guía didáctica),José Rico Verdú,8,2,Despatx,Didàctic,Uned,Castellà,,
Ortografía de la lengua española,Paula Arenas Martín-Abril,8,2,Despatx,Didàctic,Edimat,Castellà,,
Tratado de fonología y fonética españolas,Antonio Quilis Morales,8,2,Despatx,Didàctic,Gredos,Castellà,,
Filosofia,irrellevant,8,2,Despatx,Didàctic,Schaum,Català,Per aprovar Exàmens,
Teoría de la literatura,José Domínguez Caparós,8,2,Despatx,Didàctic,Ramon Areces,Castellà,,
Constitució de Catalunya (projecte),indeterminat,8,2,Despatx,Història,Reagrupament,Català,,
Pragmática lingüística (guía didáctica),Mª Victoria Escandell Vidal,8,2,Despatx,Didàctic,Uned,Castellà,,
La comunicación,Mª Victoria Escandell Vidal,8,2,Despatx,Didàctic,Gredos,Castellà,,
Guia pràctica per a escriure en català,Rafel Monjo i Segura,8,2,Despatx,Didàctic,indeterminat,Català,,
Ortografía castellana básica,indeterminat,8,2,Despatx,Didàctic,Cruïlla,Castellà,,
Introducción a los estudios sobre el discurso,Jan Rekema,8,2,Despatx,Didàctic,gedisa,Castellà,Lingüística/análisis del discurso,
Las categorías gramaticales ,Ignacio Bosque,8,2,Despatx,Didàctic,Síntesis,Castellà,Lingüística,
El comentario fonológico y fonético de textos,Antonio Quilis Morales,8,2,Despatx,Didàctic,Arco,Castellà,Teoría y práctica,
Introducción a la pragmática,Mª Victoria Escandell Vidal,8,2,Despatx,Didàctic,Ariel,Castellà,,
Estudios sobre la poesía del siglo XV,Miguel Ángel Pérez Priego,8,2,Despatx,Didàctic,Uned,Castellà,,
Estudio y edición crítica de CELOS AUN DEL AIRE MATAN de Pedro Calderón de la Barca,,8,2,Despatx,Didàctic,Uned,Castellà,,
Literatura española de los siglos XVIII y XIX,María Isabel de Castro García,8,2,Despatx,Didàctic,Uned,Castellà,,
El lenguaje ,George Yule,8,2,Despatx,Didàctic,Cambridge,Castellà,,
Curial i Güelfa,Desconegut o dubtós,8,1,Despatx,Novel·la,Laertes,Català,A cura de Jordi Tiñena,
Alcestis,Eurípides,8,2,Despatx,Teatre,Alianza Editorial,Castellà,,
Medea,Eurípides,8,2,Despatx,Teatre,Alianza Editorial,Castellà,,
Hipólito,Eurípides,8,2,Despatx,Teatre,Alianza Editorial,Castellà,,
Ayax,Sòfocles,8,2,Despatx,Teatre,Alianza Editorial,Castellà,,
Las traquinias,Sòfocles,8,2,Despatx,Teatre,Alianza Editorial,Castellà,,
Antígona,Sòfocles,8,2,Despatx,Teatre,Alianza Editorial,Castellà,,
Edipo Rey,Sòfocles,8,2,Despatx,Teatre,Alianza Editorial,Castellà,,
La galatea,Miguel de Cervantes,7,1,Despatx,Novel·la,Espasa Calpe,Castellà,,
Poesías completas II,Miguel de Cervantes,7,1,Despatx,Poesia,Castalia,Castellà,,
MIsericordia,Benito Pérez Galdós,7,1,Despatx,Novel·la,Mestas,Castellà,,
Los intereses creados,Jacinto Benavente,7,1,Despatx,Teatre,Cátedra,Castellà,,
Historia de la lengua española,Rafael Lapesa,7,1,Despatx,Didàctic,Gredos,Castellà,,
Poesías y el estudiante de Salamanca,Espronceda,7,1,Despatx,Poesia,Espasa Calpe,Castellà,,
Rondalles de Catalunya,Albert Jané ( Versió de),26,2,Menjador,Contes,Llavor,Català,Il·lustracions Pilarin Bayès,
Atlas Europa I,indeterminat,26,2,Menjador,Atlas,National Geographic,Castellà,,
El segon gran llibre dels contes,indeterminat,26,2,Menjador,Contes,Molino,Català,,
Tutankhamon,Walter M. Weiss,26,2,Menjador,Catàleg,indeterminat,Català,Exposició tomba de Tutankhamon. La tomba i els seus tresors.,
Contes del Japó,indeterminat,26,2,Menjador,Contes,Joventut,Català,Adaptació de Marià Manent,
Memorias de una Geisha,Arthur Golden,26,2,Menjador,Novel·la,Alfaguara,Castellà,,
El soborno,John Grisham,26,2,Menjador,Novel·la,Plaza y Janés,Castellà,,
Arqueología de las ciudades perdidas I,Equip editorial,26,2,Menjador,Enciclopèdia,Salvat,Castellà,Orient pròxim,
Arqueología de las ciudades perdidas II,Equip editorial,26,2,Menjador,Enciclopèdia,Salvat,Castellà,Grècia,
Arqueología de las ciudades perdidas III,Equip editorial,26,2,Menjador,Enciclopèdia,Salvat,Castellà,Occident prerromà,
Arqueología de las ciudades perdidas IV,Equip editorial,26,2,Menjador,Enciclopèdia,Salvat,Castellà,Roma i món romà I,
Arqueología de las ciudades perdidas V,Equip editorial,26,2,Menjador,Enciclopèdia,Salvat,Castellà,Roma i món romà II,
Arqueología de las ciudades perdidas VI,Equip editorial,26,2,Menjador,Enciclopèdia,Salvat,Castellà,Roma i món romà III,
Arqueología de las ciudades perdidas VII,Equip editorial,26,2,Menjador,Enciclopèdia,Salvat,Castellà,Mitjà i extrem orient,
Arqueología de las ciudades perdidas VIII,Equip editorial,26,2,Menjador,Enciclopèdia,Salvat,Castellà,Amèrica precolombina i ciutats medievals,
Mètrica comparada,José Domínguez Caparrós;Júlia Butiñá Jiménez;Patricio Urquizu Sarasua,7,2,Despatx,Didàctic,Uned,indeterminat,Són tres cassettes,
Mètrica comparada,José Domínguez Caparrós;Júlia Butiñá Jiménez;Patricio Urquizu Sarasua,7,2,Despatx,Didàctic,Uned,Castellà,Llibret,
Historia del teatro español del siglo XVII,Ignacio Arellano,7,2,Despatx,Didàctic,Cátedra,Castellà,,
Diccionari de sinònims Franquesa,Manuel Franquesa i LLuelles,7,2,Despatx,Diccionari,Enciclopèdia Catalana,Català,,
Ortografía normativa del español I,Teudiselo Chacón Berruga,7,2,Despatx,Didàctic,Uned,Castellà,,
Ortografía normativa del español II,Teudiselo Chacón Berruga,7,2,Despatx,Didàctic,Uned,Castellà,,
Nueva narrativa hispanoamericana,Donald Shaw,7,2,Despatx,Didàctic,Cátedra,Castellà,,
História de la literatura española VI,Equip editorial,7,2,Despatx,Didàctic,Ariel,Castellà,Dirigida per Jean Canavaggio,
História de la literatura española 3,José Miguel Oviedo,7,2,Despatx,Didàctic,Alianza Editorial,Castellà,,
Historia de la literatura hispanoamericana 4 De Borges al presente,José Miguel Oviedo,7,2,Despatx,Didàctic,Alianza Editorial,Castellà,,
Morfosintaxis de la lengua española,Pilar Gómez Manzano;Pilar de Vega Martínez,7,2,Despatx,Didàctic,Uned,Castellà,,
Análisis sintácticos,Equip editorial,7,2,Despatx,Didàctic,Schaum,Castellà,Per aprovar examen,
La edición de textos: poesía española contemporanea,Julio Neira,7,2,Despatx,Didàctic,Uned,Castellà,,
Introducción general a la edición del texto literario,Miguel Ángel Pérez Priego,7,2,Despatx,Didàctic,Uned,Castellà,,
Introducción general a la edición del texto literario (guía didàctica),Miguel Ángel Pérez Priego,7,2,Despatx,Didàctic,Uned,Castellà,"programa, guía didàctica",
El español de América: aproximación sincrónica,Milagros Aleza Izquierdo;José María Enguita Utrilla,7,2,Despatx,Didàctic,Tirant lo Blanch,Castellà,,
Manual de dialectología hispánica El español de España,Manuel Alvar (director),7,2,Despatx,Didàctic,Ariel,Castellà,,
Historia de los espectáculos en España,Equip editorial,7,2,Despatx,Didàctic,Castalia,Castellà,,
Fundamentos de morfología,Soledad Varela Ortega,7,2,Despatx,Didàctic,Síntesis,Castellà,,
Historia básica del arte escénico,César Oliva;Francisco Torres Monreal,7,2,Despatx,Didàctic,Cátedra,Castellà,,
Germans Grimm contes curts,Germans Grimm,27,2,Menjador,Contes,indeterminat,Japonès,,
Lluis Lach Poemes i cançons,Lluis llach,27,2,Menjador,Poesia,Tres i Quatre,Català,Amb els acords. Pròleg de Joan Fuster,
Cançons,Antoni Brugueras i Brunet,27,2,Menjador,Poesia,indeterminat,Català,Amb acords. Nova Cançó,
Cançons catalanes I,Antoni Brugueras i Brunet,27,2,Menjador,Poesia,indeterminat,Català,Amb acords. Nova Cançó,
Vent Armat,Rosa Regàs,27,2,Menjador,Novel·la,Planeta,Català,,
Com s'han de tractar els nens petits,Katehoikuen,27,2,Menjador,Didàctic,indeterminat,Japonès,,
El doctor Jivago,Boris Pasternak,27,2,Menjador,Novel·la,Noger,Castellà,De 1958. Tacat,
La historia de Murasaki,Liza Dalby,27,2,Menjador,Novel·la,Grijalbo,Castellà,,
Catalunya poble a poble,Equip editorial,27,2,Menjador,Divulgatiu,Edicions 62,Català,Abella de la conca - Artés,
Guia metropolitana i de Barcelona,indeterminat,27,2,Menjador,Consulta,indeterminat,Castellà,,
Història de Barcelona,Jaume Sobrequés i Callicó,27,2,Menjador,Història,Rosa dels vents,Català,,
Planol de Barcelona,indeterminat,27,2,Menjador,Consulta,indeterminat,Castellà,,
Diccionario Español-Portugués y Portugués Español,indeterminat,10,1,Despatx,Diccionari,Océano,Castellà,,
Les raons econòmiques per de la independència I,Joan Canadell i Bruguera; Jaume Vallcorba Tura,10,2,Despatx,Assaig,Cercle català de negocis,Català,,
Les raons econòmiques per de la independència I,Joan Canadell i Bruguera; Jaume Vallcorba Tura,10,2,Despatx,Assaig,Cercle català de negocis,Català,,
Japonés Hablado,indeterminat,10,2,Despatx,Didàctic,Imni vox,Castellà,,
Tirant lo Blanch,Joanot Martorell,10,1,Despatx,Didàctic,Edicions 62,Català,Lectura per Batxillerat ,
Tirant lo Blanch II,Joanot Martorell,10,1,Despatx,Novel·la,Seix Barral,Català,Edició original,
Tirant lo Blanch II,Joanot Martorell,10,1,Despatx,Novel·la,Seix Barral,Català,Edició original,
Introducción a la Literatura Española Guía pràctica para el comentario de texto,María Clementa Millán;Ana Suárez Miramón,10,2,Despatx,Didàctic,Uned,Castellà,Guía per comentar textes,
Incerta Glòria,Joan Sales,10,1,Despatx,Novel·la,Club editor,Català,,
El vent de nit,Joan Sales,10,1,Despatx,Novel·la,Club editor,Català,,
Sàpiens,Yuval Noah Harari,10,2,Despatx,Assaig,Edicions 62,Català,,
Volverás a región,Juan benet,10,1,Despatx,Novel·la,Destino,Castellà,,
Antología de la literatura latina,J.C.Fernández Corte;A. Moreno Fernández,10,1,Despatx,Didàctic,Alianza Editorial,Castellà,,
Portugués para dummies,Karen Keller,10,2,Despatx,Didàctic,Planeta,Castellà,,
El bilingüísme mata,Pau Vidal,10,2,Despatx,Assaig,Pòrtic,Català,,
Lingüística Aplicada,Francisco Marcos Marín;Jesús Sánchez Lobato,10,2,Despatx,Didàctic,Síntesis,Castellà,,
Literatura Hispanoamericana I (Guía didàctica),Equip editorial,10,2,Despatx,Didàctic,Uned,Castellà,,
Código Civil,indeterminat,10,1,Despatx,Dret,Tecnos,Castellà,,
Sagrada Biblia,L'esglesia catòlica,10,1,Despatx,Religió,Herder,Castellà,,
Problemas fundamentales de la gramática del español como 2/L,María Luz Gutiérrez Araus,10,2,Despatx,Didàctic,Arco,Castellà,,
Quadern de capçalera,Sei Shonagon,10,2,Despatx,Novel·la,La magrana,Català,,
Forma y sentido en sintaxis,Salvador Gutiérrez Ordóñez,10,2,Despatx,Didàctic,Arco,Castellà,,
Manual de literatura española II. Renacimiento,Felipe-B Pedraza;Milagros Rodríguez,10,2,Despatx,Didàctic,Cénlit,Castellà,,
"Manual de literatura española III. Barroco: Introducción, prosa y poesía",Felipe-B Pedraza;Milagros Rodríguez,10,2,Despatx,Didàctic,Cénlit,Castellà,,
Manual de literatura española III. Barroco: Teatro,Felipe-B Pedraza;Milagros Rodríguez,10,2,Despatx,Didàctic,Cénlit,Castellà,,
Teoría Literaria,Rene Wellek;Austin Warren,10,2,Despatx,Didàctic,Gredos,Castellà,,
Teoría de la literatura,Vítor Manuel de Aguiar e Silva,10,2,Despatx,Didàctic,Gredos,Castellà,,
Morfología Léxica: La formación de las palabras,Soledad Varela Ortega,10,2,Despatx,Didàctic,Gredos,Castellà,,
Cuestiones de Morfología española,Mario García-Page Sánchez,10,2,Despatx,Didàctic,Uned,Castellà,,
El cranc de les pinces d'or,Hergé,28,2,Menjador,Còmic,Joventut,Català,,
Els cigars del faraó,Hergé,28,2,Menjador,Còmic,Joventut,Català,,
L'afer Tornasol,Hergé,28,2,Menjador,Còmic,Joventut,Català,,
Tintín i el llac dels taurons,Hergé,28,2,Menjador,Còmic,Joventut,Català,,
Tintín al Tibet,Hergé,28,2,Menjador,Còmic,Joventut,Català,,
El secret de l'unicorni,Hergé,28,2,Menjador,Còmic,Joventut,Català,,
El tresor de Rackham el roig,Hergé,28,2,Menjador,Còmic,Joventut,Català,,
El ceptre d'Ottokar,Hergé,28,2,Menjador,Còmic,Joventut,Català,,
Vol 714 a Sidney,Hergé,28,2,Menjador,Còmic,Joventut,Català,,
Vol 714 a Sidney,Hergé,28,2,Menjador,Còmic,Joventut,Català,repetit,
Hem caminat damunt la lluna,Hergé,28,2,Menjador,Còmic,Joventut,Català,,
"Tintín i els ""picaros""",Hergé,28,2,Menjador,Còmic,Joventut,Català,,
Objectiu: la Luna,Hergé,28,2,Menjador,Còmic,Joventut,Català,,
L'estel misteriós,Hergé,28,2,Menjador,Còmic,Joventut,Català,,
L'orella escapçada,Hergé,28,2,Menjador,Còmic,Joventut,Català,,
Stoc de coc,Hergé,28,2,Menjador,Còmic,Joventut,Català,,
Les 7 boles de cristall,Hergé,28,2,Menjador,Còmic,Joventut,Català,,
L'illa negra,Hergé,28,2,Menjador,Còmic,Joventut,Català,,
Tot Dalí,Lluis Llongueras,28,2,Menjador,Biografia,Pòrtic,Castellà,,
Gaudí,indeterminat,28,2,Menjador,Biografia,Salvat,Castellà,,
De la gent gran,Equip editorial,28,2,Menjador,Assaig,Kairos,Castellà,,
Las sociedad civil catalana,Toni Rodríguez Pujol,28,2,Menjador,Història,Biblioteca de la Vanguardia,Castellà,,
Cataluña en la guerra civil española,Equip editorial,28,2,Menjador,Història,Biblioteca de la Vanguardia,Castellà,,
El antiguo México,Hanns J. Prem;Ursula Dyckerhoff,28,2,Menjador,Divulgatiu,Plaza y Janés,Castellà,,
Contes d'Anderssen,Anderssen,28,2,Menjador,Contes,indeterminat,Japonès,,
Faules d'Isop,indeterminat,28,2,Menjador,Contes,indeterminat,Japonès,,
Jack i l'arbre de les mongetes,indeterminat,28,2,Menjador,Contes,indeterminat,Japonès,,
Contes populars japonesos,indeterminat,28,2,Menjador,Contes,indeterminat,Japonès,,
Contes populars famosos de tot el món,indeterminat,28,2,Menjador,Contes,indeterminat,Japonès,,
Peter Pan,James Mattheu Barrie,28,2,Menjador,Contes,indeterminat,Japonès,,
Història dels tibetans,Josep LLuís Alay,9,2,Despatx,Història,Pagès,Català,,
Sintaxis latina,Eduardo Valentí Fiol,9,2,Despatx,Didàctic,Bosch,Castellà,,
Latín 3,Santiago Segura Munguía,9,2,Despatx,Didàctic,Anaya,Castellà,,
Aurea Roma,Eduardo Valentí Fiol,9,2,Despatx,Didàctic,Bosch,Castellà,,
Vocabulario básico Lengua latina,J. Echave Sustaeta,9,2,Despatx,Diccionari,Cefiso,Castellà,,
Lengua y literatura latinas I,Antonio Moreno Hernández;Leticia Carrasco Reija,9,2,Despatx,Didàctic,Uned,Castellà,,
Retórica (guía didáctica),José Jiménez Oliva,9,2,Despatx,Didàctic,Uned,Castellà,,
Introducción a la Filología Románica (guía didáctica),María Paz Aguado Boto;Rafael Rodríguez María,9,2,Despatx,Didàctic,Uned,Castellà,,
Teoría de la literatura (guía didáctica),Francisco Abad Nebot,9,2,Despatx,Didàctic,Uned,Castellà,,
Introducción a la Historia de la lengua española (guía didáctica),Francisco Abad Nebot,9,2,Despatx,Didàctic,Uned,Castellà,,
Literatura española medieval (guía didáctica),Nieves Baranda Leturio;M.ª Luisa Lanzuelo Corella;Esther Sampedro Heras,9,2,Despatx,Didàctic,Uned,Castellà,,
Lengua Italiana (guía didáctica),M.ª Teresa Navarro Salazar;Conchita Turina Gómez;Marian Sanfilippo,9,2,Despatx,Didàctic,Uned,Castellà,,
Lingüística (guía didáctica),Antonio Domínguez Rey;Juana Gil Fernández;Pilar Ruiz-Va Palacios,9,2,Despatx,Didàctic,Uned,Castellà,,
Cultura Grecolatina: Roma (I),Antonio Moreno Hernández,9,2,Despatx,Didàctic,Uned,Castellà,,
historia de la literatura española edad media Vol I,Jesús Menéndez Peláez,9,2,Despatx,Didàctic,Everest,Castellà,,
Garcilaso de la Vega Obras completas con comentario,Elias L. Rivers,9,2,Despatx,Didàctic,Castalia,Castellà,,
Lexicografía Española,Antonia M. Medina Guerra,9,2,Despatx,Didàctic,Ariel lingüística,Castellà,,
La prosa y el teatro medievales,Nieves Baranda Leturio,9,2,Despatx,Didàctic,Uned,Castellà,,
Ejercicios de gramática y de expresión 2004 (con nociones teóricas),Pilar Gómez Manzano,9,2,Despatx,Didàctic,Uned,Castellà,segona edició de 2004,
Ejercicios de gramática y de expresión 2009 (con nociones teóricas),Pilar Gómez Manzano,9,2,Despatx,Didàctic,Uned,Castellà,"segona edició repetit, però de 2009",
Nueva gramática básica de la lengua española,Real academia española,9,2,Despatx,Didàctic,Real academia española,Castellà,,
Diccionario de sinónimos y antónimos ideas afines y parónimos,Equip editorial,9,2,Despatx,Diccionari,Sopena,Castellà,,
Diccionari de la mitologia grega i romana,Jordi Parramon Blasco,9,2,Despatx,Diccionari,Edicions 62,Català,,
"Japón, viaje por su vida y su belleza",José María Carandell,29,2,Menjador,Divulgatiu,Castell,Castellà,,
Toy story (Joguines),Walt Disney,29,2,Menjador,Còmic,indeterminat,Anglès,Edició Anglès - Català,
101 Dàlmates,Walt Disney,29,2,Menjador,Còmic,indeterminat,Anglès,Edició Anglès - Català,
La dama i el rodamon,Walt Disney,29,2,Menjador,Còmic,indeterminat,Anglès,Edició Anglès - Català,
La bella i la bèstia,Walt Disney,29,2,Menjador,Còmic,indeterminat,Anglès,Edició Anglès - Català,
Mulan,Walt Disney,29,2,Menjador,Còmic,indeterminat,Anglès,Edició Anglès - Català,
Bambi,Walt Disney,29,2,Menjador,Còmic,indeterminat,Anglès,Edició Anglès - Català,
Aladdín i el rei dels lladres,Walt Disney,29,2,Menjador,Còmic,indeterminat,Anglès,Edició Anglès - Català,
El rei lleó,Walt Disney,29,2,Menjador,Còmic,indeterminat,Anglès,Edició Anglès - Català,
La sireneta,Walt Disney,29,2,Menjador,Còmic,indeterminat,Anglès,Edició Anglès - Català,
El llibre de la selva,Walt Disney,29,2,Menjador,Còmic,indeterminat,Anglès,Edició Anglès - Català,
La ventafocs,Walt Disney,29,2,Menjador,Còmic,indeterminat,Anglès,Edició Anglès - Català,
El geperut de Notre Dame,Walt Disney,29,2,Menjador,Còmic,indeterminat,Anglès,Edició Anglès - Català,
Blancaneus i els 7 nans,Walt Disney,29,2,Menjador,Còmic,indeterminat,Anglès,Edició Anglès - Català,
Peter Pan,Walt Disney,29,2,Menjador,Còmic,indeterminat,Anglès,Edició Anglès - Català,
Aladdin,Walt Disney,29,2,Menjador,Còmic,indeterminat,Anglès,Edició Anglès - Català,
Oliver i companyia,Walt Disney,29,2,Menjador,Còmic,indeterminat,Anglès,Edició Anglès - Català,
Pocahontas,Walt Disney,29,2,Menjador,Còmic,indeterminat,Anglès,Edició Anglès - Català,
Hèrcules,Walt Disney,29,2,Menjador,Còmic,indeterminat,Anglès,Edició Anglès - Català,
Tod i Toby,Walt Disney,29,2,Menjador,Còmic,indeterminat,Anglès,Edició Anglès - Català,
Basil el ratolí superdetectiu,Walt Disney,29,2,Menjador,Còmic,indeterminat,Anglès,Edició Anglès - Català,
Els aristogats,Walt Disney,29,2,Menjador,Còmic,indeterminat,Anglès,Edició Anglès - Català,
Winnie Pooh,Walt Disney,29,2,Menjador,Còmic,indeterminat,Anglès,Edició Anglès - Català,
La bella dorment,Walt Disney,29,2,Menjador,Còmic,indeterminat,Anglès,Edició Anglès - Català,
Pinotxo,Walt Disney,29,2,Menjador,Còmic,indeterminat,Anglès,Edició Anglès - Català,
Bambi,Walt Disney,29,2,Menjador,Còmic,Susaeta,Català,,
La rateta que escombrava l'escaleta,Popular,29,2,Menjador,Còmic,Susaeta,Català,,
Les tres bessones i L'Oliver Twist,Roser Capdevila,29,2,Menjador,Còmic,Planeta,Català,,
Les tres bessones i en Pinotxo,Roser Capdevila,29,2,Menjador,Còmic,Planeta,Català,,
Les tres bessones i l'Alí Babà,Roser Capdevila,29,2,Menjador,Còmic,Planeta,Català,,
Una primavera molt especial,Mireia Massó,29,2,Menjador,Còmic,Susaeta,,,
The lonely hare,Junkichi Kanbe,29,2,Menjador,Contes,gakken,Anglès,,
Coleccionistas de arte en Catalunya,Maria Lluïsa Borràs,29,2,Menjador,Divulgatiu,Biblioteca de la Vanguardia,Castellà,,
El arte de comer,Nestor Luján,29,2,Menjador,Divulgatiu,Biblioteca de la Vanguardia,Castellà,,
Ukiyo-e,Gisele Lambert;Jocelyn Brouquillard;Christophe Marquet;Keiki Kosugi,11,2,Despatx,Divulgatiu,Fundació Caixa Catalunya,Català,Catàleg Exposició gravats japonesos,
Historia de la literatura II Tomo I,Equip editorial,11,2,Despatx,Didàctic,Uned,Castellà,,
Historia de la literatura II Tomo II,Equip editorial,11,2,Despatx,Didàctic,Uned,Castellà,,
Semántica y Lexicología de la lengua española,M.ª Victoria Escandell Vidal,11,2,Despatx,Didàctic,Uned,Castellà,,
Linea Diretta 1,Corrado Conforti;Linda Cusimano,11,2,Despatx,Didàctic,Edizioni Guerra,Italià,Curs d'italià,
Linea Diretta 1 (llibre d'exercicis),Corrado Conforti;Linda Cusimano,11,2,Despatx,Didàctic,Edizioni Guerra,Italià,Curs d'italià,
Linea Diretta 1a,Corrado Conforti;Linda Cusimano,11,2,Despatx,Didàctic,Edizioni Guerra,Italià,Curs d'italià,
Linea Diretta 1b,Corrado Conforti;Linda Cusimano,11,2,Despatx,Didàctic,Edizioni Guerra,Italià,Curs d'italià,
Linea diretta (dos cassettes),Corrado Conforti;Linda Cusimano,11,1,Despatx,Curs d'italià,indeterminat,Italià,Curs d'italià,
"Psicologia, tècniques de venda i negociació",indeterminat,11,1,Despatx,Didàctic,indeterminat,Català,,
Obra completa de Sor Juana Inés de la Cruz,Sor Juana Inés de la Cruz,11,1,Despatx,Didàctic,indeterminat,Castellà,Llibreta amb espirall,
Apunts de Filologia Hispànica,indeterminat,11,1,Despatx,Didàctic,indeterminat,Castellà,Cartró blau,
El señor y lo demás son cuentos,Leopoldo Alas Clarín,11,1,Despatx,Novel·la,Manuel Fernández i Lasanta,Castellà,Enquadernat per mi,
Canciones,Garcilaso de la Vega,11,1,Despatx,Poesia,indeterminat,Castellà,Enquadernat per mi,
Llibre blanc de la transició nacional de Catalunya (síntesi),indeterminat,11,1,Despatx,documentació,indeterminat,Català,Document històric,
Noches lúgubres,José Cadalso,11,1,Despatx,Novel·la,Indeterminat,Castellà,papers impresos,
Literatura Hispanoamericana II (apunts),indeterminat,11,1,Despatx,Apunts,indeterminat,Castellà,Enquadernat per mi,
Literatura Hispanoamericana I (Guía didàctica),indeterminat,11,1,Despatx,Apunts,indeterminat,Castellà,Enquadernat per mi,
Crítica literaria (guía Didàctica),indeterminat,11,1,Despatx,Apunts,indeterminat,Castellà,Enquadernat per mi,
Gramática española II (Guía didáctica),María Luz Gutierrez Araus,11,1,Despatx,Apunts,indeterminat,Castellà,Enquadernat per mi,
Historia de la lengua española,indeterminat,11,1,Despatx,Apunts,indeterminat,Castellà,Enquadernat per mi,
Literatura Hispanoamericana,indeterminat,11,1,Despatx,Apunts,indeterminat,Castellà,Enquadernat per mi,
"Lingüística, lecturas recomendadas para preparar los temas de fonética, fonología, y morfología generales",Doctora Gil,11,1,Despatx,Apunts,indeterminat,Castellà,Enquadernat per mi,
Manual de gramática histórica española,Ramon Menéndez Pidal,11,1,Despatx,Apunts,Espasa Calpe,Castellà,Enquadernat per mi,
Soledades,Luis de Góngora y Argote,11,1,Despatx,Poesia,indeterminat,Castellà,Enquadernat per mi,
Fábula de Polifemo y Galatea,Luis de Góngora y Argote,11,1,Despatx,Poesia,indeterminat,Castellà,Enquadernat per mi,
Rebut i documentació del títol de Dret de l'Enric,Enric Galceran,11,1,Despatx,documentació,indeterminat,Castellà,Carpeta de cartulina,
Las troyanas,Eurípides,11,1,Despatx,Teatre,indeterminat,Castellà,en plàstic,
"Gramática, les oracions apunts de tot el curs",indeterminat,11,1,Despatx,Apunts,indeterminat,Castellà,Vint temes,
La instrucción gramatical en el enfoque comunicativo,María Luz Gutierrez Araus,11,1,Despatx,Apunts,indeterminat,Castellà,Enquadernat per mi,
Infortunios,Alonso Ramírez,11,1,Despatx,Novel·la,indeterminat,Castellà,Enquadernat per mi,
Poesías,Don Juan del Valle y Caviedes,11,1,Despatx,Poesia,indeterminat,Castellà,Clàsic peruà època colonial espanyola enquadernat per mi,
Coloquios Espirituales y sacramentales y Poesías Sagradas,Fernán González de Eslava,11,1,Despatx,Teatre,indeterminat,Castellà,"Teatre poètic, enquadernat per mi",
Cantos e vida y esperanza,Rubén Darío,11,1,Despatx,Poesia,indeterminat,Castellà,Enquadernat per mi,
El lazarillo de ciegos caminantes,Concolorcorvo (pseudònim),11,1,Despatx,Novel·la,indeterminat,Castellà,"Autor: alonso Carrió de la Vandera, indi que l'acompanyava era Calixto Bustamante Carlos",
Introducció a l'obra d'Ausias March,Lola Badia,11,1,Despatx,Assaig,indeterminat,Català,,
Oratòria,indeterminat,11,1,Despatx,Didàctic,indeterminat,Castellà,Roma repúblicana,
Recursos estilísticos,indeterminat,11,1,Despatx,Didàctic,indeterminat,Castellà,,
Literatura española medieval,Josep Giralt Torres,11,1,Despatx,Didàctic,indeterminat,Castellà,Esquemes/resums de les lectures obligatòries,
El quadern gris,Josep Pla,12,1,Despatx,Novel·la,Destino,Català,,
Les trobaitriz,Magda Bogin,12,1,Despatx,Poesia,Horsori,Català,Català-Occità,
Antología poética,Vicent Andrés Estellés,12,1,Despatx,Poesia,Proa,Català,A cura d'Isabel Soler,
Noves poesies,Miquel Costa i Llobera,12,1,Despatx,Poesia,Moll,Català,,
Auques i Ventalls,Josep Carner,12,1,Despatx,Poesia,Edicions 62,Català,A cura de Joan Ferraté,
Crònica o Llibre dels Feits,Jaume I,12,1,Despatx,Història,Edicions 62,Català,A cura de Ferran Soldevila,
La vida de Llàtzer de Tormos,Jordi Bilbeny,12,1,Despatx,Assaig,Llibre d'Índex,Català,,
Lo somni,Bernat Metge,12,1,Despatx,Novel·la,Quaderns crema,Català,A cura de Lola Badia,
Llibre dels Fets (conquesta de València),Jaume I,12,1,Despatx,Història,Tres i Quatre,Català,A cura de Victor G Labrado,
El orador,Ciceron,12,1,Despatx,Didàctic,Alianza Editorial,Castellà,,
El orador,Ciceron,12,1,Despatx,Didàctic,Alianza Editorial,Castellà,repetit,
Imitació del foc,Bartomeu Rosselló-Pòrcel,12,1,Despatx,Poesia,edicions 62,Català,Edició Josep Mª Balaguer,
L'irradiador del port i les gavines,Joan Salvat-Papasseit,12,1,Despatx,Poesia,Proa,Català,A cura de Ferran Gadea,
Antología de posia catalana,indeterminat,12,1,Despatx,Poesia,Proa,Català,A cura d'Isidor Consul i Llorenç Soldevila,
Cançons de rem i de vela,Josep Maria de Segarra,12,1,Despatx,Poesia,Hermes,Català,Edició a cura de Roser Armengol,
Antologia poètica,Jacint Verdaguer,12,1,Despatx,Poesia,Selecta,Català,Tria i pròleg de Carles Riba,
"El convit del Tirant, cuina i comensualitat de l'Edat Mitjana a Ferran Adrià",Jaume Fàbrica,12,1,Despatx,Assaig,Pagès,Català,,
Sermons,Sant Vicent Ferrer,12,1,Despatx,Assaig,Teide,Català,A cura de Xavier Renedo i Lluís Cabré,
De l'amor als vells,indeterminat,12,1,Despatx,Poesia,Biblioteca Popular,Català,,
Versos humorístics catalans,indeterminat,12,1,Despatx,Poesia,Biblioteca Popular,Català,,
On he deixat les claus,J.V. Foix,12,1,Despatx,Poesia,Quaderns crema,Català,A cura de Jaume Vallcorba,
La Celestina,Fernándo de Rojas (atribuït),12,1,Despatx,Novel·la,Castalia,Castellà,,
Poesía castellana original completa,Fernando de Herrera,12,1,Despatx,Poesia,Cátedra,Castellà,Edición de Cristobal Cuevas,
El salze sec i la dona adormida,Haruki Murakami,12,1,Despatx,Contes,Empúries,Català,,
Metafísica,Aristóteles,12,2,Despatx,Assaig,Sarpe,Castellà,,
Diccionari de la rima,Sussanna Rafart i Corominas,12,1,Despatx,Diccionari,Edicions 62,Català,,
Antologia poètica,Joan Maragall,12,1,Despatx,Poesia,Edicions 62,Català,A cura d'Arthur Terry,
Sobre literatura,Gabriel Ferrater,12,1,Despatx,Assaig,Edicions 62,Català,,
Santa Eularia,Jacint Verdaguer,12,1,Despatx,Poesia,llibreria catalonia,Català,VolumVI de les obres completes (1933),
Roser de tot l'any,Jacint Verdaguer,12,1,Despatx,Poesia,llibreria catalonia,Català,VolumVI de les obres completes (1933),
Veus del Bon Pastor,Jacint Verdaguer,12,1,Despatx,Poesia,llibreria catalonia,Català,VolumVI de les obres completes (1933),
Caritat,Jacint Verdaguer,12,1,Despatx,Poesia,llibreria catalonia,Català,VolumVI de les obres completes (1933),
Relatos,Rulfo,12,1,Despatx,Novel·la,Alianza Editorial,Castellà,,
Immigració i sobirania,Diego Arcos i Xavier Elias,12,1,Despatx,Assaig,Veunova,Català,,
Els núvols,Aristòfanes,12,1,Despatx,Teatre,La Magrana,Català,A cura de Mercè Valls,
Conjuración de Catilina,C. Salustio Crispo,12,1,Despatx,Història,Bosch,Castellà,Castellà-Llatí,
La lengua de Cristóbal Colón,Ramón Menéndez Pidal,12,1,Despatx,Assaig,Espasa Calpe,Castellà,,
La verdad sobre el caso Savolta,Eduardo Mendoza,12,1,Despatx,Novel·la,Seix Barral,Castellà,,
De Amicitia,Ciceron,12,1,Despatx,Assaig,Gredos,Castellà,Llatí-Castellà,
Lazarillo de Tormes,anònim,12,1,Despatx,Novel·la,Salvat,Castellà,,
Contra la monarquia,Matthew Tree,12,1,Despatx,Assaig,Ara llibres,Català,,
Assaigs (llibre primer),Michel de Montaigne,12,1,Despatx,Assaig,Proa,Català,,
Assaigs (llibre segon),Michel de Montaigne,12,1,Despatx,Assaig,Proa,Català,,
Defensa de Marco Marcelo,Ciceron,12,1,Despatx,Assaig,Bosch,Castellà,Castellà-Llatí,
Antoni i Cleopatra,Shakespeare,12,1,Despatx,Teatre,Bruguera,Català,Traducció de Josep Mª de segarra,
L'atles furtiu,Alferd Bosch,12,1,Despatx,Novel·la,Columna,Català,,
El millor dels mons,Quim Monzó,12,1,Despatx,Novel·la,Quaderns crema,Català,,
Tots els noms,José Saramago,12,1,Despatx,Novel·la,Edicions 62,Català,,
El banquete/Fedro,Plató,12,1,Despatx,Assaig,Sarpe,Castellà,,
Plan general de contabilidad (2010),Equip editorial,12,2,Despatx,Didàctic,CEF,Castellà,,
Finanzas y presupuestos (interpretación y elaboración),Equip editorial,12,2,Despatx,Didàctic,CEF,Castellà,  cxzº,   -*/
La desintegració d'Espanya i les idees de Toynbee,Josep Maria Batista i Roca,12,2,Despatx,Assaig,El llamp,Català,,
La força dels arguments (des del nacionalisme progressista),Santiago Cucurella,12,2,Despatx,Assaig,El llamp,Català,,
La paraula contra el mur,Victor Alexandre,12,2,Despatx,Assaig,La busca,Català,,
Dioses tumbas i sabios,C.W.Ceram,12,2,Despatx,Assaig,Destino,Castellà,,
Biografia de Mercè Rodoreda,Carme Arnau,12,2,Despatx,Assaig,Edicions 62,Català,,
Cuando ardieron los volcanes,André Lorenzo Curbelo (cura de Yaiza),12,2,Despatx,Història,Yaiza,Castellà,Relat de les erupcions a Lanzarote de 1730 a 1736,
"Groucho i Chico, advocats",Germans Marx,12,2,Despatx,Contes,Columna,Català,Guions radiofònics,
"Francesc Macià, el camí de la llibertat (1905-1931)",Enric Jardí,12,2,Despatx,Assaig,Aymà,Català,,
Figures de calidoscopi,Ramon Solsona,12,2,Despatx,Novel·la,Quaderns crema,Català,,
Cuentos paralelos,Issaac Asimov,12,2,Despatx,Novel·la,Martinez Roca,Castellà,,
Guerra tibia,Diversos,12,2,Despatx,Ciència Ficció,Forum,Castellà,,
Dune,Frank Herbert,12,2,Despatx,Ciència Ficció,Alpha Science Fiction,Castellà,,
Transplante obligatorio,C.G.Waugh;Martin Greenberg,12,2,Despatx,Ciència Ficció,Martinez Roca,Castellà,,
Relatos 1,irrellevant,12,2,Despatx,Ciència Ficció,Martinez Roca,Castellà,,
Relatos 2,irrellevant,12,2,Despatx,Ciència Ficció,Martinez Roca,Castellà,,
Relatos 3,irrellevant,12,2,Despatx,Ciència Ficció,Martinez Roca,Castellà,,
Relatos 4,irrellevant,12,2,Despatx,Ciència Ficció,Martinez Roca,Castellà,,
En la arena estelar,Issaac Asimov,12,2,Despatx,Ciència Ficció,Martinez Roca,Castellà,,
El hombre del bicentenario,Issaac Asimov,12,2,Despatx,Ciència Ficció,Martinez Roca,Castellà,,
"Pau Claris, la revolta catalana",Ricard García Carcel,12,2,Despatx,Assaig,Dopesa,Català,,
"Galceran, l'heroi de la guerra negra",Jaume Cabré,12,2,Despatx,Novel·la,El nus,Català,,
Mecanoscrit del segon origen,Manuel de Pedrolo,12,2,Despatx,Novel·la,Edicions 62,Català,,
Romancero Gitano,Federico García Lorca,12,2,Despatx,Poesia,Losada,Castellà,,
Regreso a las estrellas,Erich von Daniken,12,2,Despatx,Assaig,Plaza y Janés,Castellà,,
En el pais de los mayas,Pierre Ivanoff,12,2,Despatx,Assaig,Manatial,Castellà,,
El tercer ojo,T. Lobsang Rampa,12,2,Despatx,Novel·la,Destino,Castellà,,
Historia de España,Pierre Vilar,12,2,Despatx,Didàctic,Club de bolsillo,Castellà,,
Entre lèspanya i la paret,Xavier Roig,12,2,Despatx,Assaig,La Campana,Català,,
Jo no sóc espanyol,Victor Alexandre,12,2,Despatx,Assaig,Proa,Català,,
Els espanyols no són catalans,Francesc Ferrer Gironès,12,2,Despatx,Assaig,El llamp,Català,,
Compèndi d'Història de Catalunya,Antoni Ferret,12,2,Despatx,Història,Claret,Català,,
Catalunya vista per un alemany,Til Stegman,12,2,Despatx,Assaig,La Campana,Català,,
Catalunya sota Espanya,Alfons López Tena,12,2,Despatx,Assaig,La Magrana,Català,,
Despullant Espanya,Victor Alexandre,12,2,Despatx,Assaig,Proa,Català,,
La cosmología catalana,Ferran Margarit,12,2,Despatx,Assaig,Cedel,Català,,
Mirall trencat,Mercè Rodoreda,12,2,Despatx,Novel·la,Club editor Jove,Català,repetit,
Gràcies per la propina,Ferran Torrent,12,2,Despatx,Novel·la,Columna,Català,,
Demà a les tres de la matinada,Pere Calders,12,2,Despatx,Novel·la,Edicions 62,Català,,
Crònica de la independència,Patrícia Gabancho,12,2,Despatx,Novel·la,L'arquer,Català,,
Gran ética,Aristóteles,12,2,Despatx,Assaig,Sarpe,Castellà,,
Història de la vida del Buscón,Francisco de Quevedo,12,2,Despatx,Novel·la,Sarpe,Castellà,,
Vidas paralelas Teseo-Ròmulo i Licurgo-Numa,Plutarc,12,2,Despatx,Assaig,Gredos,Castellà,,
Anàbasis,Xenofont,12,2,Despatx,Història,Gredos,Castellà,,
El asno de oro,Apuleyo,12,2,Despatx,Novel·la,Gredos,Castellà,,
Arte abstracto y figurativo,Equip editorial,12,2,Despatx,Assaig,Salvat,Castellà,,
la llibreta groga,Robert Saladrigas,12,2,Despatx,Novel·la,Destino,Català,,
El Llibre de les Mosques,Emili Teixidor,12,2,Despatx,Novel·la,Proa,Català,,
El metal impur,Julià de Jodar,12,2,Despatx,Novel·la,Proa,Català,,
Història de Catalunya (modèstia a part),Toni Soler,12,2,Despatx,Assaig,Columna,Català,,
No digas que fue un sueño,Terenci Moix,12,2,Despatx,Novel·la,Planeta,Castellà,,
Del amor,Stendhal,12,2,Despatx,Novel·la,Alianza Editorial,Castellà,També Amor en Stendhal dÒrtega y Gasset,
Los guanches que sobrevivieron a su descendencia,José Luis Concepción,12,2,Despatx,Assaig,Asociación cultural de las islas Canarias,Castellà,,
Que vols ser quan siguis gran?,Jordi Sacristán,12,2,Despatx,Novel·la,Rosa dels vents,Català,,
Dialectología y sociolingüìstica españolas,Francisco Gimeno Menéndez,12,1,Despatx,Didàctic,Espagràfic (edición electrónica),Castellà,Universitat d'Alacant imprès i enquadernat amb espirall,
Historia de la literatura española tomo III,Juan Luis Alborg,12,1,Despatx,Didàctic,Gredos,Castellà,Capítols enquadernats amb espirall,
Historia de la literatura española tomo IV,Juan Luis Alborg,12,1,Despatx,Didàctic,Gredos,Castellà,Capítols enquadernats amb espirall,
Helénicas,Xenofont,33,1,Gemma/Pol ,Història,Gredos,Castellà,,
Ciropedia,Xenofont,33,1,Gemma/Pol ,Història,Gredos,Castellà,,
Odas,Píndar,33,1,Gemma/Pol ,Poesia,Gredos,Castellà,,
Odas,Baquílides,33,1,Gemma/Pol ,Poesia,Gredos,Castellà,,
Lírica,Safo,33,1,Gemma/Pol ,Poesia,Gredos,Castellà,,
Lírica,Poetes arcaics,33,1,Gemma/Pol ,Poesia,Gredos,Castellà,,
Guerra del Peloponeso I,Tucídides,33,1,Gemma/Pol ,Història,Gredos,Castellà,,
Guerra del Peloponeso II,Tucídides,33,1,Gemma/Pol ,Història,Gredos,Castellà,,
Guerra del Peloponeso III,Tucídides,33,1,Gemma/Pol ,Història,Gredos,Castellà,,
Guerra del Peloponeso IV,Tucídides,33,1,Gemma/Pol ,Història,Gredos,Castellà,,
Historia I,Heròdot,33,1,Gemma/Pol ,Història,Gredos,Castellà,,
Historia II,Heròdot,33,1,Gemma/Pol ,Història,Gredos,Castellà,,
Historia III,Heròdot,33,1,Gemma/Pol ,Història,Gredos,Castellà,,
Historia IV,Heròdot,33,1,Gemma/Pol ,Història,Gredos,Castellà,,
Historia V,Heròdot,33,1,Gemma/Pol ,Història,Gredos,Castellà,,
Els Homes que no estimaven les dones,Stieg Larsson,33,1,Gemma/Pol ,Novel·la,Columna,Català,,
Llibres en Japonès i diversos de la Gemma,indeterminat,33,1,Gemma/Pol ,Diversos,indeterminat,indeterminat,,
Per què els homes no escolten i les dopnes no entenen els mapes,Allan i Barbara Pease,42,1,Marc habitació,Assaig,Amat,Català,,
Harry Potter i la pedra filosofal,J.K.Rowling,42,1,Marc habitació,Novel·la,Empúries,Català,,
Harry Potter i la cambra secreta,J.K.Rowling,42,1,Marc habitació,Novel·la,Empúries,Català,,
Harry Potter i el pres d'Azkaban,J.K.Rowling,42,1,Marc habitació,Novel·la,Empúries,Català,,
Harry Potter i el calze de foc,J.K.Rowling,42,1,Marc habitació,Novel·la,Empúries,Català,,
Harry Potter i l'orde del Fènix,J.K.Rowling,42,1,Marc habitació,Novel·la,Empúries,Català,,
Harry Potter i el misteri del Princep,J.K.Rowling,42,1,Marc habitació,Novel·la,Empúries,Català,,
Harry Potter i les relíquies de la Mort,J.K.Rowling,42,1,Marc habitació,Novel·la,Empúries,Català,,
Apuntes de Semántica léxica,Mª Victoria Escandell Vidal,42,1,Marc habitació,Didàctic,Uned,Castellà,,
Fundamentos de Semántica composicional,Mª Victoria Escandell Vidal,42,1,Marc habitació,Didàctic,Ariel lingüística,Castellà,,
Historia de la literatura italiana,Giuseppe Petronio,42,1,Marc habitació,Didàctic,Cátedra,Castellà,,
Gramática sucinta de la lengua italiana,Luigi Pavia,42,1,Marc habitació,Didàctic,Herder,Castellà,,
Orlando furioso I,Ludovic Ariosto,42,1,Marc habitació,Novel·la,Cátedra,Castellà,Bilingüe Castellà-Italià,
Orlando furioso II,Ludovic Ariosto,42,1,Marc habitació,Novel·la,Cátedra,Castellà,Bilingüe Castellà-Italià,
Los novios,Alessandro Manzoni,42,1,Marc habitació,Novel·la,Cátedra,Castellà,,
Decamerón,Giovanni Boccaccio,42,1,Marc habitació,Contes,Cátedra,Castellà,,
Poesía española,Recopilació,42,1,Marc habitació,Didàctic,Crítica,Castellà,Edición de Fernando Gómez Redondo,
Historia de la literatura griega,C.M.Bowra,42,1,Marc habitació,Didàctic,Fondo de la cultura económica,Castellà,,
Ley de enjuiciamiento criminal,indeterminat,42,1,Marc habitació,Didàctic,Bosch,Castellà,1988,
Ley orgánica del poder judicial,indeterminat,42,1,Marc habitació,Didàctic,Bosch,Castellà,1988,
Legislación social básica,indeterminat,42,1,Marc habitació,Didàctic,Civitas,Castellà,1992,
Código civil;derecho foral de Aragón;Compilación especial de Cataluña,indeterminat,42,1,Marc habitació,Didàctic,Segura,Castellà,1975,
Código de comercio y leyes complementarias,indeterminat,42,1,Marc habitació,Didàctic,Civitas,Castellà,1984,
Código de comercio y leyes complementarias,indeterminat,42,1,Marc habitació,Didàctic,Civitas,Castellà,1981,
legislación sobre Registro Civil,indeterminat,42,1,Marc habitació,Didàctic,Civitas,Castellà,1977,
Enjuiciamiento civil,indeterminat,42,1,Marc habitació,Didàctic,Civitas,Castellà,1987,
Ley y reglamento del I.V.A.,indeterminat,42,1,Marc habitació,Didàctic,Il·lustre Col·legi d'advocats de Barcelona,Castellà,1985,
Real decret legislatiu pel qual s'aprova el text refós de la llei de l'estatut dels treballadors,indeterminat,42,1,Marc habitació,Didàctic,Il·lustre Col·legi d'advocats de Barcelona,Castellà,1995,
Modificación del código civil y de la ley de enjuiciamiento civil en materia de adopción,indeterminat,42,1,Marc habitació,Didàctic,Il·lustre Col·legi d'advocats de Barcelona,Castellà,1987,
"Legislación laboral de deportistas, alta dirección, servicio del hogar, artostas, representantes de comercio",indeterminat,42,1,Marc habitació,Didàctic,Il·lustre Col·legi d'advocats de Barcelona,Castellà,1985,
Ley de sociedades de responsabilidad limitada,indeterminat,42,1,Marc habitació,Didàctic,Il·lustre Col·legi d'advocats de Barcelona,Castellà,1995,
Ley de patentes,indeterminat,42,1,Marc habitació,Didàctic,Il·lustre Col·legi d'advocats de Barcelona,Castellà,1986,
"Declaració ideològica, Estatuts, carta financera i codi ètic d'ERC",indeterminat,42,1,Marc habitació,Didàctic,ERC,Català,1999,
"Assaigs (llibre primer, segon i tercer)",Michel de Montaigne,42,1,Despatx,Assaig,Proa,Català,El llibres primer i segon estan repetits al prestatge 12,
Manga,indeterminat,34,1,Gemma/Pol ,Còmic,indeterminat,Japonès,mangas diversos,
Angelology,Danielle Trussoni,34,2,Gemma/Pol ,Novel·la,Penguin books,Anglès,,
The Goldfinch,Conna Tartt,34,2,Gemma/Pol ,Novel·la,Abacus,Anglès,,
The Historian I,Elisabeth Kostova,34,2,Gemma/Pol ,Novel·la,Fukuda,Japonès,,
L'ombra del vent,Carlos Ruiz Zafón,34,2,Gemma/Pol ,Novel·la,Planeta,Català,,
El juego del ángel,Carlos Ruiz Zafón,34,2,Gemma/Pol ,Novel·la,Planeta,Castellà,,
Los juegos del hambre,Suzanne Collins,34,2,Gemma/Pol ,Novel·la,Molino,Castellà,,
Los juegos del hambre En llamas,Suzanne Collins,34,2,Gemma/Pol ,Novel·la,Molino,Castellà,Segon llibre de la serie,
Los juegos del hambre Sinsajo,Suzanne Collins,34,2,Gemma/Pol ,Novel·la,Molino,Castellà,Tercer llibre de la serie,
El alma está en el cerebro,Eduard Punset,35,1,Gemma/Pol ,Assaig,Punto de lectura,Castellà,,
K.L.Reich,Joaquim Amat-Piniella,35,1,Gemma/Pol ,Novel·la,Club editor Jove,Català,,
Drames rurals,Victor català,35,1,Gemma/Pol ,Novel·la,Edicions 62,Català,,
Mecanoscrit del segon origen,Manuel de Pedrolo,35,1,Gemma/Pol ,Novel·la,Edicions 62,Català,repetit prestatge 12,
Lazarillo de tormes,anònim,35,1,Gemma/Pol ,Poesia,Vicens Vives,Castellà,,
Poesía,Antoni Machado,35,1,Gemma/Pol ,Poesia,Vicens Vives,Castellà,,
Poesía española (clásicos hispánicos),Equip editorial,35,1,Gemma/Pol ,Poesia,Vicens Vives,Castellà,,
Negra nit,Lolita Bosch,35,1,Gemma/Pol ,Novel·la,Columna,Català,,
El cementerio de los ingleses,José María Mendiola,35,1,Gemma/Pol ,Novel·la,Edebé,Castellà,,
Ideas de bombero,Andreu Martín,35,1,Gemma/Pol ,Novel·la,Edebé,Castellà,,
Tres sombreros de copa,Miguel Mihura,35,1,Gemma/Pol ,Teatre,Cátedra,Castellà,,
El árbol de la ciencia,Pío Caro Baroja,35,1,Gemma/Pol ,Novel·la,Cátedra,Castellà,,
Mecanoscrit del segon origen,Manuel de Pedrolo,35,1,Gemma/Pol ,Novel·la,Edicions 62,Català,repetit prestatges 12 i 35,
Nada,Carmen Laforet,35,1,Gemma/Pol ,Novel·la,Destino,Castellà,,
Còctel de contes,Recopilació,35,1,Gemma/Pol ,Contes,Proa,Català,,
Tirant lo blanch (text adaptat),Joanot Martorell,35,1,Gemma/Pol ,Novel·la,Proa,Català,repetit prestatges 7 i 10,
La bogeria,Narcís Oller,35,1,Gemma/Pol ,Novel·la,Proa,Català,,
Plenilunio,Antonio Muñoz Molina,35,1,Gemma/Pol ,Novel·la,Punto de lectura,Castellà,,
El Hereje,Miguel Delibes,35,1,Gemma/Pol ,Novel·la,Destino,Castellà,,
Reckles,Cornelia Funke,35,2,Gemma/Pol ,Novel·la,Estrella Polar,Català,,
A deux pas de la mort,Peter James,35,2,Gemma/Pol ,Novel·la,Pocket,Francès,,
Desing Does,Equip editorial,35,2,Gemma/Pol ,Didàctic,Elisava,Anglès,,
Decoding Desing Does,Equip editorial,35,2,Gemma/Pol ,Didàctic,Elisava,Anglès,,
Manifestly Haraway,Donna J. Haraway,35,2,Gemma/Pol ,Assaig,Minnesota,Anglès,,
Ella en la otra orilla,Mitsuko Kayuta,35,2,Gemma/Pol ,Novel·la,Galaxia Gutenberg,Castellà,,
Pétronille,Amélie Nothomb,35,2,Gemma/Pol ,Novel·la,Anagrama,Català,,
Tòquio blues,Haruki Murakami,35,2,Gemma/Pol ,Novel·la,Empúries,Català,,
Crónica de l'ocell que dona corda al món,Haruki Murakami,35,2,Gemma/Pol ,Novel·la,Empúries,Català,,
Calatrava,Philip Jodidio,35,2,Gemma/Pol ,Assaig,Taschen,Castellà,,
Primer llibre que llegeixes quan ets un creador,indeterminat,35,2,Gemma/Pol ,Didàctic,indeterminat,Japonès,,
A nosaltres ja no ens cal res,Fumio Sasaki,35,2,Gemma/Pol ,Assaig,indeterminat,Japonès,,
Marina,Carlos Ruiz Zafón,36,2,Gemma/Pol ,Novel·la,Planeta,Castellà,,
Jardí vora el mar,Mercè Rodoreda,36,1,Gemma/Pol ,Novel·la,Club editor Jove,Català,,
El elogio de la sombra,Junichiro Tanizaki,36,1,Gemma/Pol ,Assaig,Siruela,Castellà,,
A Dictionary of Color Combinations,Equip editorial,36,1,Gemma/Pol ,Diccionari,Seigensha,Japonès,Japonès - Anglès,
Siete manifiestos,Tristan Tzara,36,1,Gemma/Pol ,Assaig,Austral,Castellà,,
El pont dels jueus,Martí Gironell,36,1,Gemma/Pol ,Novel·la,Columna,Català,,
LLibretes escrites per la Gemma,Gemma Galceran Kimura,36,2,Gemma/Pol ,Assaig,indeterminat,Japonès,També Anglès i Català,
Delenda est Hispania,Albert Pont,36,2,Gemma/Pol ,Assaig,Viena edicions,Català,,
Del museo al mundo,Equip editorial,36,2,Gemma/Pol ,Assaig,Ajuntament de Barcelona,Castellà,Divulgatiu sobre el museu del disseny,
El món sobre rodes,Albert Casals,36,2,Gemma/Pol ,Novel·la,Edicions 62,Català,,
La luz que no puedes ver,Anthony Doerr,36,2,Gemma/Pol ,Novel·la,Suma,Castellà,,
La vacant imprevista,J.K.Rowling,36,2,Gemma/Pol ,Novel·la,Empúries,Català,,
Miss peregrine's home for Peculiar Children,Ramson Riggs,36,2,Gemma/Pol ,Novel·la,Quirk Bokks,Anglès,,
Latín,Equip editorial,37,2,Gemma/Pol ,Diccionari,Vox,llatí,LLatí-Espanyol; Espanyol-Llatí,
Latín segundo curso,E. Valentí Fiol,37,2,Gemma/Pol ,Didàctic,Bosch,Castellà,,
Antologia de poesia catalana,Recopilació,37,2,Gemma/Pol ,Poesia,Proa,Català,A cura de Llorenç Soldevila i Isidor Cònsul,
"Genji, el princep respladent",Murasaki Shikibu,6,2,Despatx,Novel·la,Destino,Català,A cura de Xavier Roca-Ferrer,
Llibre de preparació per l'examen NOKEN 4 i 5,indeterminat,6,2,Despatx,Didàctic,Indeterminat,Japonès,,
Kanji La escritura japonesa,Albert Torres i Graells,6,2,Despatx,Didàctic,Hiperión,Castellà,,
Japonès en vinyetes,Marc Bernabé,6,2,Despatx,Didàctic,Norma,Català,Curs de japonès,
Iniciació a la llengua llatina,Xavier Espluga i Monica Miró,6,2,Despatx,Didàctic,UOC,Català,Curs de llatí,
Breve historia de la civilización japonesa,Conrad Schirokauer; David Lurie;Suzanne Gay,6,2,Despatx,Història,Universitat autònoma de Barcelona,Castellà,,
Llibret antiga de telèfons,indeterminat,6,2,Despatx,documentació,Indeterminat,indeterminat,,
Mitologia japonesa,Claude Helft,6,2,Despatx,Didàctic,Blume,Català,,
Teoría literaria una introducción práctica,Michael Ryan,6,2,Despatx,Didàctic,Àlianza editorial,Castellà,,
Shin nihongo no kiso I,indeterminat,6,2,Despatx,Didàctic,Indeterminat,Japonès,,
Shin nihongo no kiso I gramática,indeterminat,6,2,Despatx,Didàctic,ìndeterminat,Castellà,,
"Resums oracions espanyoles, sonets de l'enric",indeterminat,6,2,Despatx,documentació,Indeterminat,indeterminat,,
Locus amoenus i Guillem de Berguedà,indeterminat,6,2,Despatx,documentació,Indeterminat,Català,,
Analisis financieros ,indeterminat,6,2,Despatx,Apunts,Indeterminat,Castellà,per analitzar estats financers,
Curso de japonés el japonés es fácil,indeterminat,6,2,Despatx,didàctic,Indeterminat,Castellà,En carpeta de plàstic blava i arxivador ,
Programa electoral de Reagrupament,indeterminat,6,2,Despatx,documentació,Indeterminat,Català,,
Filosofia presocràtica,indeterminat,6,2,Despatx,didàctic,ìndeterminat,Català,Resumet enquadernat per mi,
Animal farm,George Orwell,43,2,Marc habitació,Novel·la,Penguin books,Anglès,,
Pigmalió,Joan Oliver,43,2,Marc habitació,Novel·la,Edicions 62,Català,,
Les cartes d'Hèrcules Poirot,Jaume Fuster,43,2,Marc habitació,Teatre,Edicions 62,Català,,
Marianela,Benito Pérez Galdós,43,2,Marc habitació,Novel·la,Vicens Vives,Castellà,,
La casa de Bernarda Alba,Federico García Lorca,43,2,Marc habitació,Teatre,Vicens Vives,Castellà,,
Luces de Bohemia,Ramón del Valle-Inclán,43,2,Marc habitació,teatre,Vicens Vives,Castellà,,
Apologia de Sòcrates;Critó;Eutifró;Protàgores,Plató,43,2,Marc habitació,Assaig,Edicions 62,Català,,
Terra baixa,Àngel Guimerà,43,2,Marc habitació,teatre,Edicions 62,Català,,
Terra baixa,Àngel Guimerà,43,2,Marc habitació,teatre,Edicions 62,Català,repetit,
Quadern d'Aram,Maria Àngels Anglada,43,2,Marc habitació,Novel·la,Edicions 62,Català,,
Vés on et porti el cor,Susanna Tamaro,43,2,Marc habitació,Novel·la,Edicions 62,Català,,
El fantasma de Kilmory,Allan C. McLean,43,2,Marc habitació,Novel·la,Bruñó,Català,,
El  petit roure,Elena O'Callaghan i Duch,43,2,Marc habitació,Contes,Cruïlla,Català,,
"It's Halloween, you fraidy mouse!",Geronimo Stilton,43,2,Marc habitació,Contes,Scholastic,Anglès,,
Poesía Española,Recopilació,43,2,Marc habitació,Poesia,Vicens Vives,Castellà,,
La rosa de Sant Jordi,Joles Sennell,43,2,Marc habitació,Contes,Cruïlla,Català,,
La máquina maravillosa,Elvira Menéndez,43,2,Marc habitació,Contes,Bruñó,Castellà,,
Fray Pérez y su borrico,Juan Muñoz Martín,43,2,Marc habitació,Contes,SM,Castellà,,
Potosnagel,Enric Lluch,43,2,Marc habitació,Contes,Bruñó,Català,,
La xurra,Lola Casas;Francesc Chiva,43,2,Marc habitació,Contes,La galera,Català,,
Los aventureros,Manuel L. Alonso,43,2,Marc habitació,Contes,Bruñó,Castellà,,
Don caracol detective,José Francisco Viso,43,2,Marc habitació,Contes,Bruñó,Castellà,,
El pequeño Otto ha desaparecido,Manfred Limmroth,43,2,Marc habitació,Contes,Bruñó,Castellà,,
La bomba,Fernando Falana y José Mª Almárcegui,43,2,Marc habitació,Contes,Bruñó,Castellà,,
El misterioso ladrón de quesos,Geronimo Stilton,43,2,Marc habitació,Contes,Bruñó,Castellà,,
"Simó, Simó",Emilio Sanjuán,43,2,Marc habitació,Contes,Bruñó,Català,,
El sabre del samurai,Thomas Brezina,43,2,Marc habitació,Contes,Cruïlla,Català,,
Aigua bruta,Pau Vidal,43,2,Marc habitació,Novel·la,Edicions 62,Català,,
La plaça del diamant,Mercè Rodoreda,43,2,Marc habitació,Novel·la,Club editor Jove,Català,,
La bicicleta d'en Sumkhí,Amos Oz,43,2,Marc habitació,Contes,Cruïlla,Català,,
El faraó Tofun-nas,Enric Lluch,43,2,Marc habitació,Contes,Bruñó,Català,,
L'album d'en Benet,Jacqueline Cervon,43,2,Marc habitació,Contes,Bruñó,Català,,
Vacaciones en la cocina,Miguel Ángel Mendo,43,2,Marc habitació,Contes,Bruñó,Castellà,,
La vida es sueño,Calderón de la Barca,44,2,Marc habitació,teatre,Vicens Vives,Castellà,,
Tina superbruixa i l'embruix del Nadal,indeterminat,44,2,Marc habitació,Contes,Bruíxola,Català,,
Moon Palace,Paul Auster,44,2,Marc habitació,Novel·la,Penguin books,Anglès,,
Tirant lo blanc episodis amorosos,Joanot Martorell,44,2,Marc habitació,Novel·la,Les eines,Català,,
Poesía española,Equip editorial,44,2,Marc habitació,Poesia,Vicens Vives,Castellà,Sense obrir emblistat,
Llamando a las puertas del cielo,Jordi Sierra i Fabra,44,2,Marc habitació,Novel·la,edebé,Castellà,,
Spy Dog,Andrew Cope,44,2,Marc habitació,Contes,Puffin,Anglès,,
L'estrany,Jordi Sierra i Fabra,44,2,Marc habitació,Novel·la,Barcanova,Català,,
Los pasos del camino,Cesar Novalgos,44,2,Marc habitació,teatre,Everest,Castellà,,
Goodbye Mr Hollywood,John Escott,44,2,Marc habitació,Novel·la,Oxford Bookworms,Anglès,,
La escuela de los piratas,Agustín Fernández Paz,44,2,Marc habitació,Contes,edebé,Castellà,,
The jewel that was ours,Colin Dexter,44,2,Marc habitació,Novel·la,Macmillan readers,Anglès,,
Tres sombreros de copa,Miguel Mihura,44,2,Marc habitació,teatre,Teide,Castellà,,
Melocotón en Almibar,Miguel Mihura,44,2,Marc habitació,teatre,Teide,Castellà,,
Misión bajo cero,Pedro Estrada y Raquel de la Morena,44,2,Marc habitació,Contes,Hidra,Castellà,Diferents continuacions a elecció del lector,
La porta misteriosa,Nathalie Pons Roussel,44,2,Marc habitació,Contes,Pirata,Català,,
L'enigma de les ones,Joan de Déu Prats,44,2,Marc habitació,Contes,Barcanova,Català,,
La potència según Nietzsche,Maite Larrauri;Max,44,2,Marc habitació,Assaig,Tandem,Castellà,Filosofia per a profans,
El licenciado Vidriera y otras novelas ejemplares,Miguel de Cervantes,44,2,Marc habitació,Novel·la,Vicens Vives,Castellà,,
James and the Giant Peach,Roald Dahl,44,2,Marc habitació,Novel·la,Puffin,Anglès,,
La escuela de los piratas,Agustín Fernández Paz,44,2,Marc habitació,Contes,edebé,Castellà,repetit,
Una misión desastrosa,K.H.McMullan,44,2,Marc habitació,Contes,Montena,Castellà,,
Una misión desastrosa,K.H.McMullan,44,2,Marc habitació,Contes,Montena,Castellà,repetit,
"Mite4, logos, physis. Introducció al pensament presocràtic",Salvador Mas Torres,45,2,Marc habitació,Didàctic,UOC,Català,curs filosofia enquadernat,
"La filosofia grega de l'època clàsica. Els sofistes, Sòcrates, Plató i Aristòtil",Carlos García Gual,45,2,Marc habitació,Didàctic,UOC,Català,curs filosofia enquadernat,
"Crisi grega, transició romana, inici medieval",Joan Manuel del Pozo Álvarez,45,2,Marc habitació,Didàctic,UOC,Català,curs filosofia enquadernat,
La filosofia a l'occident llatí medieval (800-1277),Josep M. Ruiz Simón,45,2,Marc habitació,Didàctic,UOC,Català,curs filosofia enquadernat,
Les conseqüències de la condemna del 1277,Eusebo Colomer Pous,45,2,Marc habitació,Didàctic,UOC,Català,curs filosofia enquadernat,
El nou pensament científic,Manuel García Doncel,45,2,Marc habitació,Didàctic,UOC,Català,curs filosofia enquadernat,
El naixement de la filosofia política moderna,Josep Olesti Vila,45,2,Marc habitació,Didàctic,UOC,Català,curs filosofia enquadernat,
La filosofia en l'època de la il·lustració: de Voltaire a Kant,Josep Olesti Vila,45,2,Marc habitació,Didàctic,UOC,Català,curs filosofia enquadernat,
Presocràtics,indeterminat,45,2,Marc habitació,Didàctic,UOC,Castellà,article imprès,
"Diàlogos de Platón: ION,Apologia de Sócrates, Eutifrón, Critón",Plató,45,2,Marc habitació,Didàctic,UOC,Castellà,imprés,
Interpretaciones de los mitos: el alegorismo y el evemerismo,indetrminat,45,2,Marc habitació,Didàctic,UOC,Castellà,enquadernat apunts,
Primavera silenciosa,Rachel Carson,45,2,Marc habitació,Novel·la,UOC,Castellà,curs filosofia enquadernat,
Tratado de la tolerancia,Voltaire,45,2,Marc habitació,Assaig,UOC,Castellà,curs filosofia enquadernat,
De la dignidad del hombre,Pico de la Mirandola,45,2,Marc habitació,Didàctic,UOC,Castellà,curs filosofia enquadernat,
El mito,indeterminat,45,2,Marc habitació,Didàctic,UOC,Castellà,cultura greco-llatina apunts del curs de fililogía hispànica,
Japonès A1.2 fitxes unitats1;2;3;4;5,Equip editorial,45,2,Marc habitació,Didàctic,UOC,Català,curs de japonès de la UOC,
Japonès A1.2 vocabulari,Equip editorial,45,2,Marc habitació,Didàctic,UOC,Català,curs de japonès de la UOC,
Japonès A1.2 exercicis,Equip editorial,45,2,Marc habitació,Didàctic,UOC,Català,curs de japonès de la UOC,
Japonès A1.3 Fitxes unitats 1;2;3;4,Equip editorial,45,2,Marc habitació,Didàctic,UOC,Català,curs de japonès de la UOC,
Japonès A1.3 vocabulari,Equip editorial,45,2,Marc habitació,Didàctic,UOC,Català,curs de japonès de la UOC,
Japonès A1.3 exercicis,Equip editorial,45,2,Marc habitació,Didàctic,UOC,Català,curs de japonès de la UOC,
L'escriptura en Kanji,Albert Nola i Cabellos,45,2,Marc habitació,Didàctic,UOC,Català,curs de japonès de la UOC,
L'origen i varietats de la llengua japonesa,Akemi Saito,45,2,Marc habitació,Didàctic,UOC,Català,curs de japonès de la UOC,
Curso de preparación para el examen JPTLT N5,Makiko Fukuda; Takako Otsuki,45,2,Marc habitació,Didàctic,UOC,Català,curs de japonès de la UOC,
Japonès A2.1 Fitxes unitats 1;2;3;4;5,Equip editorial,45,2,Marc habitació,Didàctic,UOC,Català,curs de japonès de la UOC,
Japonès A2.1 vocabulari,Equip editorial,45,2,Marc habitació,Didàctic,UOC,Català,curs de japonès de la UOC,
Japonès A2.1 exercicis,Equip editorial,45,2,Marc habitació,Didàctic,UOC,Català,curs de japonès de la UOC,
Japonès A2.2 Fitxes unitats 1;2;3;4;5,Equip editorial,45,2,Marc habitació,Didàctic,UOC,Català,curs de japonès de la UOC,
Japonès A2.2 vocabulari,Equip editorial,45,2,Marc habitació,Didàctic,UOC,Català,curs de japonès de la UOC,
Japonès A2.2 exercicis,Equip editorial,45,2,Marc habitació,Didàctic,UOC,Català,curs de japonès de la UOC,
Japonès A1.3 Fitxes unitats ,Equip editorial,45,2,Marc habitació,Didàctic,UOC,Català,curs de japonès de la UOC,
Japonés para hispanohablantes,Junichi Matsuura; Lourdes Porta Fuentes,45,2,Marc habitació,Didàctic,Herder,Castellà,Nihongo Japonés para hispanohablantes,
NIHONGO Gramática de la lengua Japonesa,Junichi Matsuura; Lourdes Porta Fuentes,45,2,Marc habitació,Didàctic,Herder,Castellà,Nihongo Japonés para hispanohablantes,
NIHONGO Libro de texto 1,Junichi Matsuura; Lourdes Porta Fuentes,45,2,Marc habitació,Didàctic,Herder,Castellà,Nihongo Japonés para hispanohablantes,
NIHONGO Libro de texto 2,Junichi Matsuura; Lourdes Porta Fuentes,45,2,Marc habitació,Didàctic,Herder,Castellà,Nihongo Japonés para hispanohablantes,
NIHONGO ejercicios 1,Junichi Matsuura; Lourdes Porta Fuentes,45,2,Marc habitació,Didàctic,Herder,Castellà,Nihongo Japonés para hispanohablantes,
NIHONGO ejercicios 2,Junichi Matsuura; Lourdes Porta Fuentes,45,2,Marc habitació,Didàctic,Herder,Castellà,Nihongo Japonés para hispanohablantes,
Larousse diccionari compact,Equip editorial,13,2,Despatx,Diccionari,Larousse,Català,diccionari català-francès  francès-català,
Para leer a Cervantes,Martí de Riquer,13,2,Despatx,Assaig,El Acantilado,Castellà,,
Manual de japonés básico,Yoko Nakazawa,13,2,Despatx,Didàctic,Pearson,Castellà,,
Diccionari bàsic català-japonès  japonès-català,Albet Torres Graell,13,2,Despatx,Diccionari,Enciclopèdia Catalana,Català,,
L'ombra de l'altre mar,Joan Margarit,13,2,Despatx,Poesia,Nórdica Libros,Català,,
Elogi de l'ombra,Junichiro Tanizaki,13,2,Despatx,Assaig,Angle editorial,Català,traducció i epíleg d'Albert Nolla,
L'escriptura japonesa,Lluc lópez Vidal,13,2,Despatx,Didàctic,UOC,Català,,
Poética ,Aristòteles,13,2,Despatx,Assaig,Alianza editorial,Castellà,,
La faula,Guillem de Torroella,13,2,Despatx,Poesia,biblioteca Marian Aguiló,Català,,
Japonés sin fronteras,Equip editorial,13,2,Despatx,Didàctic,"Ediciones B, S.A.",Castellà,miniguia básica de l'idioma japonés,
Poesies Completes,Clementina Arderiu,13,2,Despatx,Poesia,Selecta,Català,,
Poeta en Nueva York,Federico García Lorca,13,2,Despatx,Poesia,Austral,Castellà,,
Les Catilinaries,Marc Tul·li Ciceró,13,2,Despatx,Història,La magrana,Català,,
Invitación a la filosofía,André Comte-Sponville,13,2,Despatx,Assaig,Paidós,Castellà,,
Táctica en el ajedrez,Equip editorial,13,2,Despatx,Didàctic,RBA,Castellà,,
Cançons,Antoni Nogueras i Brunet,13,2,Despatx,Didàctic,Indeterminat,Català,Cançons amb acords,
Vasco básico para hispanohablantes,Francisco Xabier Mata,13,2,Despatx,Didàctic,Casa Mata,Castellà,manual bàsic d'euskera,
Cómo se comenta un texto literario,Fernando Lázaro Carreter;Evaristo Correa Calderón,13,2,Despatx,Didàctic,Cátedra,Castellà,,
Euskera para dummies,Jean Baptiste Coyos;Jasone Salaberria,13,2,Despatx,Didàctic,Planeta,Castellà,,
Saber japonés en diez días,Equip editorial,13,2,Despatx,Didàctic,Sopena,Castellà,,
Un lloc a l'ombra,M.Rosa Font,13,2,Despatx,Poesia,Proa,Català,premi Carles Riba 2010,
Japonés instantaneo,Masahiro Watanabe;Kei Nagashima,13,2,Despatx,Didàctic,Yohan Publications inc,Castellà,,
"De profesión, lingüista",Lluís Payrató,13,2,Despatx,Didàctic,Ariel,Castellà,Tracta de lingüística aplicada,
Manual de retórica española,Antonio Azaustre;Juan Casas,13,2,Despatx,Didàctic,Ariel,Castellà,Resum de l'art retòric,
Un món plè de propensions,Karl R. Popper,13,2,Despatx,Assaig,Edicions 62,Català,,
El sac de gemecs,Jordi Tomàs i Cucurull,13,2,Despatx,Didàctic,Indeterminat,Català,Sobre l'instrument tradicional català (gaita),